group,batch,old_filename,new_filename
group1,practice,sid1768-clean-COSINE-2734-M_close_35_freqbin4_scaled10.wav,practice0-audio1.wav
group1,practice,sid1768-clean-COSINE-2734-M_close_35.wav,practice0-audio2.wav
group1,practice,sid0795-clean-COSINE-1399-F_close_178-truncated.wav,practice1-audio1.wav
group1,practice,sid0795-clean-COSINE-1399-F_close_178-truncated_freqbin40_scaled1000.0.wav,practice1-audio2.wav
group1,0,sid1816-anchor-COSINE-2734-M_close_91_freqbin4_scaled0.5.wav,batch0_pair0-audio1.wav
group1,0,sid1816-anchor-COSINE-2734-M_close_91.wav,batch0_pair0-audio2.wav
group1,0,sid2579-noisy-COSINE-3231-F_array1_81.wav,batch0_pair1-audio1.wav
group1,0,sid2579-noisy-COSINE-3231-F_array1_81_freqbin3_scaled1000.0.wav,batch0_pair1-audio2.wav
group1,0,sid1816-anchor-COSINE-2734-M_close_91.wav,batch0_pair2-audio1.wav
group1,0,sid1816-anchor-COSINE-2734-M_close_91.wav,batch0_pair2-audio2.wav
group1,0,sid2579-noisy-COSINE-3231-F_array1_81.wav,batch0_pair3-audio1.wav
group1,0,sid2579-noisy-COSINE-3231-F_array1_81_freqbin3_scaled0.5.wav,batch0_pair3-audio2.wav
group1,0,sid3114-clean-COSINE-3826-M_close_132.wav,batch0_pair4-audio1.wav
group1,0,sid3114-clean-COSINE-3826-M_close_132_freqbin0_scaled0.5.wav,batch0_pair4-audio2.wav
group1,0,sid0101-clean-COSINE-0100-M_close_202-truncated_freqbin31_scaled0.5.wav,batch0_pair5-audio1.wav
group1,0,sid0101-clean-COSINE-0100-M_close_202-truncated.wav,batch0_pair5-audio2.wav
group1,0,sid1816-anchor-COSINE-2734-M_close_91_freqbin4_scaled10.0.wav,batch0_pair6-audio1.wav
group1,0,sid1816-anchor-COSINE-2734-M_close_91.wav,batch0_pair6-audio2.wav
group1,0,sid3114-clean-COSINE-3826-M_close_132.wav,batch0_pair7-audio1.wav
group1,0,sid3114-clean-COSINE-3826-M_close_132_freqbin0_scaled10.0.wav,batch0_pair7-audio2.wav
group1,0,sid1816-anchor-COSINE-2734-M_close_91.wav,batch0_pair8-audio1.wav
group1,0,sid1816-anchor-COSINE-2734-M_close_91_freqbin4_scaled1000.0.wav,batch0_pair8-audio2.wav
group1,0,sid3114-clean-COSINE-3826-M_close_132.wav,batch0_pair9-audio1.wav
group1,0,sid3114-clean-COSINE-3826-M_close_132.wav,batch0_pair9-audio2.wav
group1,0,sid0101-clean-COSINE-0100-M_close_202-truncated_freqbin31_scaled10.0.wav,batch0_pair10-audio1.wav
group1,0,sid0101-clean-COSINE-0100-M_close_202-truncated.wav,batch0_pair10-audio2.wav
group1,0,sid3114-clean-COSINE-3826-M_close_132.wav,batch0_pair11-audio1.wav
group1,0,sid3114-clean-COSINE-3826-M_close_132_freqbin0_scaled1000.0.wav,batch0_pair11-audio2.wav
group1,0,sid0101-clean-COSINE-0100-M_close_202-truncated.wav,batch0_pair12-audio1.wav
group1,0,sid0101-clean-COSINE-0100-M_close_202-truncated.wav,batch0_pair12-audio2.wav
group1,0,sid2579-noisy-COSINE-3231-F_array1_81.wav,batch0_pair13-audio1.wav
group1,0,sid2579-noisy-COSINE-3231-F_array1_81.wav,batch0_pair13-audio2.wav
group1,0,sid0101-clean-COSINE-0100-M_close_202-truncated.wav,batch0_pair14-audio1.wav
group1,0,sid0101-clean-COSINE-0100-M_close_202-truncated_freqbin31_scaled1000.0.wav,batch0_pair14-audio2.wav
group1,0,sid2579-noisy-COSINE-3231-F_array1_81.wav,batch0_pair15-audio1.wav
group1,0,sid2579-noisy-COSINE-3231-F_array1_81_freqbin3_scaled10.0.wav,batch0_pair15-audio2.wav
group1,1,sid4715-noisy-COSINE-6463-F_array1_69.wav,batch1_pair0-audio1.wav
group1,1,sid4715-noisy-COSINE-6463-F_array1_69_freqbin40_scaled1000.0.wav,batch1_pair0-audio2.wav
group1,1,sid3629-clean-COSINE-4174-F_close_72.wav,batch1_pair1-audio1.wav
group1,1,sid3629-clean-COSINE-4174-F_close_72_freqbin0_scaled1000.0.wav,batch1_pair1-audio2.wav
group1,1,sid3629-clean-COSINE-4174-F_close_72.wav,batch1_pair2-audio1.wav
group1,1,sid3629-clean-COSINE-4174-F_close_72_freqbin0_scaled10.0.wav,batch1_pair2-audio2.wav
group1,1,sid2579-noisy-COSINE-3231-F_array1_81_freqbin1_scaled0.5.wav,batch1_pair3-audio1.wav
group1,1,sid2579-noisy-COSINE-3231-F_array1_81.wav,batch1_pair3-audio2.wav
group1,1,sid0999-noisy-COSINE-1399-F_array1_68-truncated.wav,batch1_pair4-audio1.wav
group1,1,sid0999-noisy-COSINE-1399-F_array1_68-truncated_freqbin1_scaled0.5.wav,batch1_pair4-audio2.wav
group1,1,sid4715-noisy-COSINE-6463-F_array1_69.wav,batch1_pair5-audio1.wav
group1,1,sid4715-noisy-COSINE-6463-F_array1_69.wav,batch1_pair5-audio2.wav
group1,1,sid0999-noisy-COSINE-1399-F_array1_68-truncated.wav,batch1_pair6-audio1.wav
group1,1,sid0999-noisy-COSINE-1399-F_array1_68-truncated.wav,batch1_pair6-audio2.wav
group1,1,sid0999-noisy-COSINE-1399-F_array1_68-truncated_freqbin1_scaled1000.0.wav,batch1_pair7-audio1.wav
group1,1,sid0999-noisy-COSINE-1399-F_array1_68-truncated.wav,batch1_pair7-audio2.wav
group1,1,sid3629-clean-COSINE-4174-F_close_72.wav,batch1_pair8-audio1.wav
group1,1,sid3629-clean-COSINE-4174-F_close_72.wav,batch1_pair8-audio2.wav
group1,1,sid2579-noisy-COSINE-3231-F_array1_81_freqbin1_scaled10.0.wav,batch1_pair9-audio1.wav
group1,1,sid2579-noisy-COSINE-3231-F_array1_81.wav,batch1_pair9-audio2.wav
group1,1,sid2579-noisy-COSINE-3231-F_array1_81.wav,batch1_pair10-audio1.wav
group1,1,sid2579-noisy-COSINE-3231-F_array1_81.wav,batch1_pair10-audio2.wav
group1,1,sid3629-clean-COSINE-4174-F_close_72_freqbin0_scaled0.5.wav,batch1_pair11-audio1.wav
group1,1,sid3629-clean-COSINE-4174-F_close_72.wav,batch1_pair11-audio2.wav
group1,1,sid0999-noisy-COSINE-1399-F_array1_68-truncated.wav,batch1_pair12-audio1.wav
group1,1,sid0999-noisy-COSINE-1399-F_array1_68-truncated_freqbin1_scaled10.0.wav,batch1_pair12-audio2.wav
group1,1,sid2579-noisy-COSINE-3231-F_array1_81.wav,batch1_pair13-audio1.wav
group1,1,sid2579-noisy-COSINE-3231-F_array1_81_freqbin1_scaled1000.0.wav,batch1_pair13-audio2.wav
group1,1,sid4715-noisy-COSINE-6463-F_array1_69.wav,batch1_pair14-audio1.wav
group1,1,sid4715-noisy-COSINE-6463-F_array1_69_freqbin40_scaled0.5.wav,batch1_pair14-audio2.wav
group1,1,sid4715-noisy-COSINE-6463-F_array1_69.wav,batch1_pair15-audio1.wav
group1,1,sid4715-noisy-COSINE-6463-F_array1_69_freqbin40_scaled10.0.wav,batch1_pair15-audio2.wav
group1,2,sid0999-noisy-COSINE-1399-F_array1_68-truncated.wav,batch2_pair0-audio1.wav
group1,2,sid0999-noisy-COSINE-1399-F_array1_68-truncated.wav,batch2_pair0-audio2.wav
group1,2,sid0101-clean-COSINE-0100-M_close_202-truncated.wav,batch2_pair1-audio1.wav
group1,2,sid0101-clean-COSINE-0100-M_close_202-truncated_freqbin3_scaled0.5.wav,batch2_pair1-audio2.wav
group1,2,sid0999-noisy-COSINE-1399-F_array1_68-truncated.wav,batch2_pair2-audio1.wav
group1,2,sid0999-noisy-COSINE-1399-F_array1_68-truncated.wav,batch2_pair2-audio2.wav
group1,2,sid0999-noisy-COSINE-1399-F_array1_68-truncated_freqbin4_scaled1000.0.wav,batch2_pair3-audio1.wav
group1,2,sid0999-noisy-COSINE-1399-F_array1_68-truncated.wav,batch2_pair3-audio2.wav
group1,2,sid0999-noisy-COSINE-1399-F_array1_68-truncated.wav,batch2_pair4-audio1.wav
group1,2,sid0999-noisy-COSINE-1399-F_array1_68-truncated_freqbin41_scaled0.5.wav,batch2_pair4-audio2.wav
group1,2,sid1816-anchor-COSINE-2734-M_close_91.wav,batch2_pair5-audio1.wav
group1,2,sid1816-anchor-COSINE-2734-M_close_91_freqbin41_scaled10.0.wav,batch2_pair5-audio2.wav
group1,2,sid1816-anchor-COSINE-2734-M_close_91.wav,batch2_pair6-audio1.wav
group1,2,sid1816-anchor-COSINE-2734-M_close_91_freqbin41_scaled0.5.wav,batch2_pair6-audio2.wav
group1,2,sid1816-anchor-COSINE-2734-M_close_91.wav,batch2_pair7-audio1.wav
group1,2,sid1816-anchor-COSINE-2734-M_close_91.wav,batch2_pair7-audio2.wav
group1,2,sid1816-anchor-COSINE-2734-M_close_91_freqbin41_scaled1000.0.wav,batch2_pair8-audio1.wav
group1,2,sid1816-anchor-COSINE-2734-M_close_91.wav,batch2_pair8-audio2.wav
group1,2,sid0101-clean-COSINE-0100-M_close_202-truncated_freqbin3_scaled1000.0.wav,batch2_pair9-audio1.wav
group1,2,sid0101-clean-COSINE-0100-M_close_202-truncated.wav,batch2_pair9-audio2.wav
group1,2,sid0999-noisy-COSINE-1399-F_array1_68-truncated.wav,batch2_pair10-audio1.wav
group1,2,sid0999-noisy-COSINE-1399-F_array1_68-truncated_freqbin4_scaled0.5.wav,batch2_pair10-audio2.wav
group1,2,sid0999-noisy-COSINE-1399-F_array1_68-truncated.wav,batch2_pair11-audio1.wav
group1,2,sid0999-noisy-COSINE-1399-F_array1_68-truncated_freqbin41_scaled10.0.wav,batch2_pair11-audio2.wav
group1,2,sid0999-noisy-COSINE-1399-F_array1_68-truncated.wav,batch2_pair12-audio1.wav
group1,2,sid0999-noisy-COSINE-1399-F_array1_68-truncated_freqbin41_scaled1000.0.wav,batch2_pair12-audio2.wav
group1,2,sid0999-noisy-COSINE-1399-F_array1_68-truncated.wav,batch2_pair13-audio1.wav
group1,2,sid0999-noisy-COSINE-1399-F_array1_68-truncated_freqbin4_scaled10.0.wav,batch2_pair13-audio2.wav
group1,2,sid0101-clean-COSINE-0100-M_close_202-truncated_freqbin3_scaled10.0.wav,batch2_pair14-audio1.wav
group1,2,sid0101-clean-COSINE-0100-M_close_202-truncated.wav,batch2_pair14-audio2.wav
group1,2,sid0101-clean-COSINE-0100-M_close_202-truncated.wav,batch2_pair15-audio1.wav
group1,2,sid0101-clean-COSINE-0100-M_close_202-truncated.wav,batch2_pair15-audio2.wav
group1,3,sid4715-noisy-COSINE-6463-F_array1_69.wav,batch3_pair0-audio1.wav
group1,3,sid4715-noisy-COSINE-6463-F_array1_69.wav,batch3_pair0-audio2.wav
group1,3,sid0101-clean-COSINE-0100-M_close_202-truncated_freqbin5_scaled10.0.wav,batch3_pair1-audio1.wav
group1,3,sid0101-clean-COSINE-0100-M_close_202-truncated.wav,batch3_pair1-audio2.wav
group1,3,sid0101-clean-COSINE-0100-M_close_202-truncated.wav,batch3_pair2-audio1.wav
group1,3,sid0101-clean-COSINE-0100-M_close_202-truncated_freqbin40_scaled0.5.wav,batch3_pair2-audio2.wav
group1,3,sid3629-clean-COSINE-4174-F_close_72_freqbin40_scaled1000.0.wav,batch3_pair3-audio1.wav
group1,3,sid3629-clean-COSINE-4174-F_close_72.wav,batch3_pair3-audio2.wav
group1,3,sid4715-noisy-COSINE-6463-F_array1_69.wav,batch3_pair4-audio1.wav
group1,3,sid4715-noisy-COSINE-6463-F_array1_69_freqbin4_scaled0.5.wav,batch3_pair4-audio2.wav
group1,3,sid4715-noisy-COSINE-6463-F_array1_69.wav,batch3_pair5-audio1.wav
group1,3,sid4715-noisy-COSINE-6463-F_array1_69_freqbin4_scaled10.0.wav,batch3_pair5-audio2.wav
group1,3,sid0101-clean-COSINE-0100-M_close_202-truncated.wav,batch3_pair6-audio1.wav
group1,3,sid0101-clean-COSINE-0100-M_close_202-truncated_freqbin5_scaled1000.0.wav,batch3_pair6-audio2.wav
group1,3,sid0101-clean-COSINE-0100-M_close_202-truncated.wav,batch3_pair7-audio1.wav
group1,3,sid0101-clean-COSINE-0100-M_close_202-truncated.wav,batch3_pair7-audio2.wav
group1,3,sid0101-clean-COSINE-0100-M_close_202-truncated.wav,batch3_pair8-audio1.wav
group1,3,sid0101-clean-COSINE-0100-M_close_202-truncated_freqbin40_scaled1000.0.wav,batch3_pair8-audio2.wav
group1,3,sid0101-clean-COSINE-0100-M_close_202-truncated.wav,batch3_pair9-audio1.wav
group1,3,sid0101-clean-COSINE-0100-M_close_202-truncated_freqbin5_scaled0.5.wav,batch3_pair9-audio2.wav
group1,3,sid0101-clean-COSINE-0100-M_close_202-truncated.wav,batch3_pair10-audio1.wav
group1,3,sid0101-clean-COSINE-0100-M_close_202-truncated_freqbin40_scaled10.0.wav,batch3_pair10-audio2.wav
group1,3,sid3629-clean-COSINE-4174-F_close_72_freqbin40_scaled10.0.wav,batch3_pair11-audio1.wav
group1,3,sid3629-clean-COSINE-4174-F_close_72.wav,batch3_pair11-audio2.wav
group1,3,sid4715-noisy-COSINE-6463-F_array1_69_freqbin4_scaled1000.0.wav,batch3_pair12-audio1.wav
group1,3,sid4715-noisy-COSINE-6463-F_array1_69.wav,batch3_pair12-audio2.wav
group1,3,sid3629-clean-COSINE-4174-F_close_72_freqbin40_scaled0.5.wav,batch3_pair13-audio1.wav
group1,3,sid3629-clean-COSINE-4174-F_close_72.wav,batch3_pair13-audio2.wav
group1,3,sid0101-clean-COSINE-0100-M_close_202-truncated.wav,batch3_pair14-audio1.wav
group1,3,sid0101-clean-COSINE-0100-M_close_202-truncated.wav,batch3_pair14-audio2.wav
group1,3,sid3629-clean-COSINE-4174-F_close_72.wav,batch3_pair15-audio1.wav
group1,3,sid3629-clean-COSINE-4174-F_close_72.wav,batch3_pair15-audio2.wav
group1,4,sid0999-noisy-COSINE-1399-F_array1_68-truncated_freqbin3_scaled1000.0.wav,batch4_pair0-audio1.wav
group1,4,sid0999-noisy-COSINE-1399-F_array1_68-truncated.wav,batch4_pair0-audio2.wav
group1,4,sid0999-noisy-COSINE-1399-F_array1_68-truncated.wav,batch4_pair1-audio1.wav
group1,4,sid0999-noisy-COSINE-1399-F_array1_68-truncated_freqbin3_scaled10.0.wav,batch4_pair1-audio2.wav
group1,4,sid2579-noisy-COSINE-3231-F_array1_81.wav,batch4_pair2-audio1.wav
group1,4,sid2579-noisy-COSINE-3231-F_array1_81.wav,batch4_pair2-audio2.wav
group1,4,sid2579-noisy-COSINE-3231-F_array1_81.wav,batch4_pair3-audio1.wav
group1,4,sid2579-noisy-COSINE-3231-F_array1_81_freqbin31_scaled0.5.wav,batch4_pair3-audio2.wav
group1,4,sid0999-noisy-COSINE-1399-F_array1_68-truncated.wav,batch4_pair4-audio1.wav
group1,4,sid0999-noisy-COSINE-1399-F_array1_68-truncated_freqbin2_scaled1000.0.wav,batch4_pair4-audio2.wav
group1,4,sid2579-noisy-COSINE-3231-F_array1_81.wav,batch4_pair5-audio1.wav
group1,4,sid2579-noisy-COSINE-3231-F_array1_81.wav,batch4_pair5-audio2.wav
group1,4,sid2579-noisy-COSINE-3231-F_array1_81_freqbin31_scaled10.0.wav,batch4_pair6-audio1.wav
group1,4,sid2579-noisy-COSINE-3231-F_array1_81.wav,batch4_pair6-audio2.wav
group1,4,sid2579-noisy-COSINE-3231-F_array1_81.wav,batch4_pair7-audio1.wav
group1,4,sid2579-noisy-COSINE-3231-F_array1_81_freqbin5_scaled0.5.wav,batch4_pair7-audio2.wav
group1,4,sid2579-noisy-COSINE-3231-F_array1_81_freqbin31_scaled1000.0.wav,batch4_pair8-audio1.wav
group1,4,sid2579-noisy-COSINE-3231-F_array1_81.wav,batch4_pair8-audio2.wav
group1,4,sid0999-noisy-COSINE-1399-F_array1_68-truncated.wav,batch4_pair9-audio1.wav
group1,4,sid0999-noisy-COSINE-1399-F_array1_68-truncated.wav,batch4_pair9-audio2.wav
group1,4,sid2579-noisy-COSINE-3231-F_array1_81.wav,batch4_pair10-audio1.wav
group1,4,sid2579-noisy-COSINE-3231-F_array1_81_freqbin5_scaled1000.0.wav,batch4_pair10-audio2.wav
group1,4,sid0999-noisy-COSINE-1399-F_array1_68-truncated.wav,batch4_pair11-audio1.wav
group1,4,sid0999-noisy-COSINE-1399-F_array1_68-truncated.wav,batch4_pair11-audio2.wav
group1,4,sid2579-noisy-COSINE-3231-F_array1_81_freqbin5_scaled10.0.wav,batch4_pair12-audio1.wav
group1,4,sid2579-noisy-COSINE-3231-F_array1_81.wav,batch4_pair12-audio2.wav
group1,4,sid0999-noisy-COSINE-1399-F_array1_68-truncated.wav,batch4_pair13-audio1.wav
group1,4,sid0999-noisy-COSINE-1399-F_array1_68-truncated_freqbin2_scaled10.0.wav,batch4_pair13-audio2.wav
group1,4,sid0999-noisy-COSINE-1399-F_array1_68-truncated.wav,batch4_pair14-audio1.wav
group1,4,sid0999-noisy-COSINE-1399-F_array1_68-truncated_freqbin3_scaled0.5.wav,batch4_pair14-audio2.wav
group1,4,sid0999-noisy-COSINE-1399-F_array1_68-truncated.wav,batch4_pair15-audio1.wav
group1,4,sid0999-noisy-COSINE-1399-F_array1_68-truncated_freqbin2_scaled0.5.wav,batch4_pair15-audio2.wav
group1,5,sid0101-clean-COSINE-0100-M_close_202-truncated_freqbin41_scaled10.0.wav,batch5_pair0-audio1.wav
group1,5,sid0101-clean-COSINE-0100-M_close_202-truncated.wav,batch5_pair0-audio2.wav
group1,5,sid0101-clean-COSINE-0100-M_close_202-truncated.wav,batch5_pair1-audio1.wav
group1,5,sid0101-clean-COSINE-0100-M_close_202-truncated_freqbin1_scaled0.5.wav,batch5_pair1-audio2.wav
group1,5,sid0101-clean-COSINE-0100-M_close_202-truncated.wav,batch5_pair2-audio1.wav
group1,5,sid0101-clean-COSINE-0100-M_close_202-truncated.wav,batch5_pair2-audio2.wav
group1,5,sid3114-clean-COSINE-3826-M_close_132_freqbin5_scaled1000.0.wav,batch5_pair3-audio1.wav
group1,5,sid3114-clean-COSINE-3826-M_close_132.wav,batch5_pair3-audio2.wav
group1,5,sid0101-clean-COSINE-0100-M_close_202-truncated.wav,batch5_pair4-audio1.wav
group1,5,sid0101-clean-COSINE-0100-M_close_202-truncated.wav,batch5_pair4-audio2.wav
group1,5,sid5333-noisy-COSINE-7408-M_array1_149.wav,batch5_pair5-audio1.wav
group1,5,sid5333-noisy-COSINE-7408-M_array1_149_freqbin1_scaled1000.0.wav,batch5_pair5-audio2.wav
group1,5,sid5333-noisy-COSINE-7408-M_array1_149.wav,batch5_pair6-audio1.wav
group1,5,sid5333-noisy-COSINE-7408-M_array1_149_freqbin1_scaled10.0.wav,batch5_pair6-audio2.wav
group1,5,sid0101-clean-COSINE-0100-M_close_202-truncated_freqbin1_scaled1000.0.wav,batch5_pair7-audio1.wav
group1,5,sid0101-clean-COSINE-0100-M_close_202-truncated.wav,batch5_pair7-audio2.wav
group1,5,sid0101-clean-COSINE-0100-M_close_202-truncated_freqbin1_scaled10.0.wav,batch5_pair8-audio1.wav
group1,5,sid0101-clean-COSINE-0100-M_close_202-truncated.wav,batch5_pair8-audio2.wav
group1,5,sid0101-clean-COSINE-0100-M_close_202-truncated.wav,batch5_pair9-audio1.wav
group1,5,sid0101-clean-COSINE-0100-M_close_202-truncated_freqbin41_scaled1000.0.wav,batch5_pair9-audio2.wav
group1,5,sid0101-clean-COSINE-0100-M_close_202-truncated.wav,batch5_pair10-audio1.wav
group1,5,sid0101-clean-COSINE-0100-M_close_202-truncated_freqbin41_scaled0.5.wav,batch5_pair10-audio2.wav
group1,5,sid5333-noisy-COSINE-7408-M_array1_149.wav,batch5_pair11-audio1.wav
group1,5,sid5333-noisy-COSINE-7408-M_array1_149_freqbin1_scaled0.5.wav,batch5_pair11-audio2.wav
group1,5,sid3114-clean-COSINE-3826-M_close_132.wav,batch5_pair12-audio1.wav
group1,5,sid3114-clean-COSINE-3826-M_close_132.wav,batch5_pair12-audio2.wav
group1,5,sid3114-clean-COSINE-3826-M_close_132_freqbin5_scaled0.5.wav,batch5_pair13-audio1.wav
group1,5,sid3114-clean-COSINE-3826-M_close_132.wav,batch5_pair13-audio2.wav
group1,5,sid5333-noisy-COSINE-7408-M_array1_149.wav,batch5_pair14-audio1.wav
group1,5,sid5333-noisy-COSINE-7408-M_array1_149.wav,batch5_pair14-audio2.wav
group1,5,sid3114-clean-COSINE-3826-M_close_132.wav,batch5_pair15-audio1.wav
group1,5,sid3114-clean-COSINE-3826-M_close_132_freqbin5_scaled10.0.wav,batch5_pair15-audio2.wav
group1,6,sid5333-noisy-COSINE-7408-M_array1_149.wav,batch6_pair0-audio1.wav
group1,6,sid5333-noisy-COSINE-7408-M_array1_149_freqbin31_scaled0.5.wav,batch6_pair0-audio2.wav
group1,6,sid5333-noisy-COSINE-7408-M_array1_149.wav,batch6_pair1-audio1.wav
group1,6,sid5333-noisy-COSINE-7408-M_array1_149.wav,batch6_pair1-audio2.wav
group1,6,sid3114-clean-COSINE-3826-M_close_132.wav,batch6_pair2-audio1.wav
group1,6,sid3114-clean-COSINE-3826-M_close_132_freqbin41_scaled0.5.wav,batch6_pair2-audio2.wav
group1,6,sid5333-noisy-COSINE-7408-M_array1_149.wav,batch6_pair3-audio1.wav
group1,6,sid5333-noisy-COSINE-7408-M_array1_149.wav,batch6_pair3-audio2.wav
group1,6,sid3114-clean-COSINE-3826-M_close_132_freqbin41_scaled1000.0.wav,batch6_pair4-audio1.wav
group1,6,sid3114-clean-COSINE-3826-M_close_132.wav,batch6_pair4-audio2.wav
group1,6,sid5333-noisy-COSINE-7408-M_array1_149_freqbin4_scaled0.5.wav,batch6_pair5-audio1.wav
group1,6,sid5333-noisy-COSINE-7408-M_array1_149.wav,batch6_pair5-audio2.wav
group1,6,sid3114-clean-COSINE-3826-M_close_132.wav,batch6_pair6-audio1.wav
group1,6,sid3114-clean-COSINE-3826-M_close_132.wav,batch6_pair6-audio2.wav
group1,6,sid3114-clean-COSINE-3826-M_close_132_freqbin41_scaled10.0.wav,batch6_pair7-audio1.wav
group1,6,sid3114-clean-COSINE-3826-M_close_132.wav,batch6_pair7-audio2.wav
group1,6,sid5333-noisy-COSINE-7408-M_array1_149.wav,batch6_pair8-audio1.wav
group1,6,sid5333-noisy-COSINE-7408-M_array1_149_freqbin4_scaled10.0.wav,batch6_pair8-audio2.wav
group1,6,sid3629-clean-COSINE-4174-F_close_72.wav,batch6_pair9-audio1.wav
group1,6,sid3629-clean-COSINE-4174-F_close_72_freqbin2_scaled10.0.wav,batch6_pair9-audio2.wav
group1,6,sid5333-noisy-COSINE-7408-M_array1_149.wav,batch6_pair10-audio1.wav
group1,6,sid5333-noisy-COSINE-7408-M_array1_149_freqbin31_scaled1000.0.wav,batch6_pair10-audio2.wav
group1,6,sid3629-clean-COSINE-4174-F_close_72.wav,batch6_pair11-audio1.wav
group1,6,sid3629-clean-COSINE-4174-F_close_72.wav,batch6_pair11-audio2.wav
group1,6,sid5333-noisy-COSINE-7408-M_array1_149.wav,batch6_pair12-audio1.wav
group1,6,sid5333-noisy-COSINE-7408-M_array1_149_freqbin31_scaled10.0.wav,batch6_pair12-audio2.wav
group1,6,sid3629-clean-COSINE-4174-F_close_72.wav,batch6_pair13-audio1.wav
group1,6,sid3629-clean-COSINE-4174-F_close_72_freqbin2_scaled1000.0.wav,batch6_pair13-audio2.wav
group1,6,sid5333-noisy-COSINE-7408-M_array1_149.wav,batch6_pair14-audio1.wav
group1,6,sid5333-noisy-COSINE-7408-M_array1_149_freqbin4_scaled1000.0.wav,batch6_pair14-audio2.wav
group1,6,sid3629-clean-COSINE-4174-F_close_72_freqbin2_scaled0.5.wav,batch6_pair15-audio1.wav
group1,6,sid3629-clean-COSINE-4174-F_close_72.wav,batch6_pair15-audio2.wav
group1,7,sid3629-clean-COSINE-4174-F_close_72.wav,batch7_pair0-audio1.wav
group1,7,sid3629-clean-COSINE-4174-F_close_72_freqbin4_scaled10.0.wav,batch7_pair0-audio2.wav
group1,7,sid4715-noisy-COSINE-6463-F_array1_69.wav,batch7_pair1-audio1.wav
group1,7,sid4715-noisy-COSINE-6463-F_array1_69_freqbin2_scaled10.0.wav,batch7_pair1-audio2.wav
group1,7,sid3629-clean-COSINE-4174-F_close_72_freqbin4_scaled1000.0.wav,batch7_pair2-audio1.wav
group1,7,sid3629-clean-COSINE-4174-F_close_72.wav,batch7_pair2-audio2.wav
group1,7,sid4715-noisy-COSINE-6463-F_array1_69_freqbin2_scaled0.5.wav,batch7_pair3-audio1.wav
group1,7,sid4715-noisy-COSINE-6463-F_array1_69.wav,batch7_pair3-audio2.wav
group1,7,sid4715-noisy-COSINE-6463-F_array1_69.wav,batch7_pair4-audio1.wav
group1,7,sid4715-noisy-COSINE-6463-F_array1_69.wav,batch7_pair4-audio2.wav
group1,7,sid1816-anchor-COSINE-2734-M_close_91_freqbin40_scaled0.5.wav,batch7_pair5-audio1.wav
group1,7,sid1816-anchor-COSINE-2734-M_close_91.wav,batch7_pair5-audio2.wav
group1,7,sid3629-clean-COSINE-4174-F_close_72_freqbin4_scaled0.5.wav,batch7_pair6-audio1.wav
group1,7,sid3629-clean-COSINE-4174-F_close_72.wav,batch7_pair6-audio2.wav
group1,7,sid5333-noisy-COSINE-7408-M_array1_149.wav,batch7_pair7-audio1.wav
group1,7,sid5333-noisy-COSINE-7408-M_array1_149.wav,batch7_pair7-audio2.wav
group1,7,sid4715-noisy-COSINE-6463-F_array1_69.wav,batch7_pair8-audio1.wav
group1,7,sid4715-noisy-COSINE-6463-F_array1_69_freqbin2_scaled1000.0.wav,batch7_pair8-audio2.wav
group1,7,sid1816-anchor-COSINE-2734-M_close_91.wav,batch7_pair9-audio1.wav
group1,7,sid1816-anchor-COSINE-2734-M_close_91_freqbin40_scaled1000.0.wav,batch7_pair9-audio2.wav
group1,7,sid1816-anchor-COSINE-2734-M_close_91.wav,batch7_pair10-audio1.wav
group1,7,sid1816-anchor-COSINE-2734-M_close_91.wav,batch7_pair10-audio2.wav
group1,7,sid5333-noisy-COSINE-7408-M_array1_149.wav,batch7_pair11-audio1.wav
group1,7,sid5333-noisy-COSINE-7408-M_array1_149_freqbin41_scaled1000.0.wav,batch7_pair11-audio2.wav
group1,7,sid5333-noisy-COSINE-7408-M_array1_149_freqbin41_scaled0.5.wav,batch7_pair12-audio1.wav
group1,7,sid5333-noisy-COSINE-7408-M_array1_149.wav,batch7_pair12-audio2.wav
group1,7,sid5333-noisy-COSINE-7408-M_array1_149.wav,batch7_pair13-audio1.wav
group1,7,sid5333-noisy-COSINE-7408-M_array1_149_freqbin41_scaled10.0.wav,batch7_pair13-audio2.wav
group1,7,sid1816-anchor-COSINE-2734-M_close_91.wav,batch7_pair14-audio1.wav
group1,7,sid1816-anchor-COSINE-2734-M_close_91_freqbin40_scaled10.0.wav,batch7_pair14-audio2.wav
group1,7,sid3629-clean-COSINE-4174-F_close_72.wav,batch7_pair15-audio1.wav
group1,7,sid3629-clean-COSINE-4174-F_close_72.wav,batch7_pair15-audio2.wav
group1,8,sid0101-clean-COSINE-0100-M_close_202-truncated.wav,batch8_pair0-audio1.wav
group1,8,sid0101-clean-COSINE-0100-M_close_202-truncated_freqbin0_scaled0.5.wav,batch8_pair0-audio2.wav
group1,8,sid4715-noisy-COSINE-6463-F_array1_69.wav,batch8_pair1-audio1.wav
group1,8,sid4715-noisy-COSINE-6463-F_array1_69.wav,batch8_pair1-audio2.wav
group1,8,sid4715-noisy-COSINE-6463-F_array1_69_freqbin0_scaled1000.0.wav,batch8_pair2-audio1.wav
group1,8,sid4715-noisy-COSINE-6463-F_array1_69.wav,batch8_pair2-audio2.wav
group1,8,sid4715-noisy-COSINE-6463-F_array1_69.wav,batch8_pair3-audio1.wav
group1,8,sid4715-noisy-COSINE-6463-F_array1_69_freqbin0_scaled0.5.wav,batch8_pair3-audio2.wav
group1,8,sid1816-anchor-COSINE-2734-M_close_91_freqbin0_scaled1000.0.wav,batch8_pair4-audio1.wav
group1,8,sid1816-anchor-COSINE-2734-M_close_91.wav,batch8_pair4-audio2.wav
group1,8,sid0101-clean-COSINE-0100-M_close_202-truncated_freqbin4_scaled1000.0.wav,batch8_pair5-audio1.wav
group1,8,sid0101-clean-COSINE-0100-M_close_202-truncated.wav,batch8_pair5-audio2.wav
group1,8,sid1816-anchor-COSINE-2734-M_close_91.wav,batch8_pair6-audio1.wav
group1,8,sid1816-anchor-COSINE-2734-M_close_91_freqbin0_scaled10.0.wav,batch8_pair6-audio2.wav
group1,8,sid1816-anchor-COSINE-2734-M_close_91.wav,batch8_pair7-audio1.wav
group1,8,sid1816-anchor-COSINE-2734-M_close_91_freqbin0_scaled0.5.wav,batch8_pair7-audio2.wav
group1,8,sid1816-anchor-COSINE-2734-M_close_91.wav,batch8_pair8-audio1.wav
group1,8,sid1816-anchor-COSINE-2734-M_close_91.wav,batch8_pair8-audio2.wav
group1,8,sid0101-clean-COSINE-0100-M_close_202-truncated_freqbin4_scaled10.0.wav,batch8_pair9-audio1.wav
group1,8,sid0101-clean-COSINE-0100-M_close_202-truncated.wav,batch8_pair9-audio2.wav
group1,8,sid0101-clean-COSINE-0100-M_close_202-truncated.wav,batch8_pair10-audio1.wav
group1,8,sid0101-clean-COSINE-0100-M_close_202-truncated.wav,batch8_pair10-audio2.wav
group1,8,sid0101-clean-COSINE-0100-M_close_202-truncated.wav,batch8_pair11-audio1.wav
group1,8,sid0101-clean-COSINE-0100-M_close_202-truncated_freqbin0_scaled1000.0.wav,batch8_pair11-audio2.wav
group1,8,sid4715-noisy-COSINE-6463-F_array1_69.wav,batch8_pair12-audio1.wav
group1,8,sid4715-noisy-COSINE-6463-F_array1_69_freqbin0_scaled10.0.wav,batch8_pair12-audio2.wav
group1,8,sid0101-clean-COSINE-0100-M_close_202-truncated.wav,batch8_pair13-audio1.wav
group1,8,sid0101-clean-COSINE-0100-M_close_202-truncated.wav,batch8_pair13-audio2.wav
group1,8,sid0101-clean-COSINE-0100-M_close_202-truncated_freqbin0_scaled10.0.wav,batch8_pair14-audio1.wav
group1,8,sid0101-clean-COSINE-0100-M_close_202-truncated.wav,batch8_pair14-audio2.wav
group1,8,sid0101-clean-COSINE-0100-M_close_202-truncated.wav,batch8_pair15-audio1.wav
group1,8,sid0101-clean-COSINE-0100-M_close_202-truncated_freqbin4_scaled0.5.wav,batch8_pair15-audio2.wav
group1,9,sid3629-clean-COSINE-4174-F_close_72_freqbin41_scaled0.5.wav,batch9_pair0-audio1.wav
group1,9,sid3629-clean-COSINE-4174-F_close_72.wav,batch9_pair0-audio2.wav
group1,9,sid4715-noisy-COSINE-6463-F_array1_69.wav,batch9_pair1-audio1.wav
group1,9,sid4715-noisy-COSINE-6463-F_array1_69_freqbin1_scaled10.0.wav,batch9_pair1-audio2.wav
group1,9,sid3629-clean-COSINE-4174-F_close_72.wav,batch9_pair2-audio1.wav
group1,9,sid3629-clean-COSINE-4174-F_close_72.wav,batch9_pair2-audio2.wav
group1,9,sid5333-noisy-COSINE-7408-M_array1_149_freqbin3_scaled0.5.wav,batch9_pair3-audio1.wav
group1,9,sid5333-noisy-COSINE-7408-M_array1_149.wav,batch9_pair3-audio2.wav
group1,9,sid0999-noisy-COSINE-1399-F_array1_68-truncated_freqbin40_scaled0.5.wav,batch9_pair4-audio1.wav
group1,9,sid0999-noisy-COSINE-1399-F_array1_68-truncated.wav,batch9_pair4-audio2.wav
group1,9,sid0999-noisy-COSINE-1399-F_array1_68-truncated.wav,batch9_pair5-audio1.wav
group1,9,sid0999-noisy-COSINE-1399-F_array1_68-truncated_freqbin40_scaled1000.0.wav,batch9_pair5-audio2.wav
group1,9,sid5333-noisy-COSINE-7408-M_array1_149.wav,batch9_pair6-audio1.wav
group1,9,sid5333-noisy-COSINE-7408-M_array1_149.wav,batch9_pair6-audio2.wav
group1,9,sid5333-noisy-COSINE-7408-M_array1_149.wav,batch9_pair7-audio1.wav
group1,9,sid5333-noisy-COSINE-7408-M_array1_149_freqbin3_scaled10.0.wav,batch9_pair7-audio2.wav
group1,9,sid5333-noisy-COSINE-7408-M_array1_149_freqbin3_scaled1000.0.wav,batch9_pair8-audio1.wav
group1,9,sid5333-noisy-COSINE-7408-M_array1_149.wav,batch9_pair8-audio2.wav
group1,9,sid0999-noisy-COSINE-1399-F_array1_68-truncated.wav,batch9_pair9-audio1.wav
group1,9,sid0999-noisy-COSINE-1399-F_array1_68-truncated.wav,batch9_pair9-audio2.wav
group1,9,sid3629-clean-COSINE-4174-F_close_72.wav,batch9_pair10-audio1.wav
group1,9,sid3629-clean-COSINE-4174-F_close_72_freqbin41_scaled1000.0.wav,batch9_pair10-audio2.wav
group1,9,sid3629-clean-COSINE-4174-F_close_72_freqbin41_scaled10.0.wav,batch9_pair11-audio1.wav
group1,9,sid3629-clean-COSINE-4174-F_close_72.wav,batch9_pair11-audio2.wav
group1,9,sid0999-noisy-COSINE-1399-F_array1_68-truncated.wav,batch9_pair12-audio1.wav
group1,9,sid0999-noisy-COSINE-1399-F_array1_68-truncated_freqbin40_scaled10.0.wav,batch9_pair12-audio2.wav
group1,9,sid4715-noisy-COSINE-6463-F_array1_69.wav,batch9_pair13-audio1.wav
group1,9,sid4715-noisy-COSINE-6463-F_array1_69_freqbin1_scaled0.5.wav,batch9_pair13-audio2.wav
group1,9,sid4715-noisy-COSINE-6463-F_array1_69.wav,batch9_pair14-audio1.wav
group1,9,sid4715-noisy-COSINE-6463-F_array1_69_freqbin1_scaled1000.0.wav,batch9_pair14-audio2.wav
group1,9,sid4715-noisy-COSINE-6463-F_array1_69.wav,batch9_pair15-audio1.wav
group1,9,sid4715-noisy-COSINE-6463-F_array1_69.wav,batch9_pair15-audio2.wav
group1,10,sid1816-anchor-COSINE-2734-M_close_91_freqbin31_scaled1000.0.wav,batch10_pair0-audio1.wav
group1,10,sid1816-anchor-COSINE-2734-M_close_91.wav,batch10_pair0-audio2.wav
group1,10,sid3629-clean-COSINE-4174-F_close_72_freqbin5_scaled10.0.wav,batch10_pair1-audio1.wav
group1,10,sid3629-clean-COSINE-4174-F_close_72.wav,batch10_pair1-audio2.wav
group1,10,sid3114-clean-COSINE-3826-M_close_132_freqbin31_scaled0.5.wav,batch10_pair2-audio1.wav
group1,10,sid3114-clean-COSINE-3826-M_close_132.wav,batch10_pair2-audio2.wav
group1,10,sid3114-clean-COSINE-3826-M_close_132_freqbin31_scaled10.0.wav,batch10_pair3-audio1.wav
group1,10,sid3114-clean-COSINE-3826-M_close_132.wav,batch10_pair3-audio2.wav
group1,10,sid0999-noisy-COSINE-1399-F_array1_68-truncated.wav,batch10_pair4-audio1.wav
group1,10,sid0999-noisy-COSINE-1399-F_array1_68-truncated_freqbin0_scaled10.0.wav,batch10_pair4-audio2.wav
group1,10,sid3629-clean-COSINE-4174-F_close_72_freqbin5_scaled0.5.wav,batch10_pair5-audio1.wav
group1,10,sid3629-clean-COSINE-4174-F_close_72.wav,batch10_pair5-audio2.wav
group1,10,sid1816-anchor-COSINE-2734-M_close_91_freqbin31_scaled0.5.wav,batch10_pair6-audio1.wav
group1,10,sid1816-anchor-COSINE-2734-M_close_91.wav,batch10_pair6-audio2.wav
group1,10,sid3114-clean-COSINE-3826-M_close_132.wav,batch10_pair7-audio1.wav
group1,10,sid3114-clean-COSINE-3826-M_close_132_freqbin31_scaled1000.0.wav,batch10_pair7-audio2.wav
group1,10,sid3629-clean-COSINE-4174-F_close_72.wav,batch10_pair8-audio1.wav
group1,10,sid3629-clean-COSINE-4174-F_close_72.wav,batch10_pair8-audio2.wav
group1,10,sid0999-noisy-COSINE-1399-F_array1_68-truncated_freqbin0_scaled1000.0.wav,batch10_pair9-audio1.wav
group1,10,sid0999-noisy-COSINE-1399-F_array1_68-truncated.wav,batch10_pair9-audio2.wav
group1,10,sid3629-clean-COSINE-4174-F_close_72.wav,batch10_pair10-audio1.wav
group1,10,sid3629-clean-COSINE-4174-F_close_72_freqbin5_scaled1000.0.wav,batch10_pair10-audio2.wav
group1,10,sid1816-anchor-COSINE-2734-M_close_91.wav,batch10_pair11-audio1.wav
group1,10,sid1816-anchor-COSINE-2734-M_close_91.wav,batch10_pair11-audio2.wav
group1,10,sid0999-noisy-COSINE-1399-F_array1_68-truncated.wav,batch10_pair12-audio1.wav
group1,10,sid0999-noisy-COSINE-1399-F_array1_68-truncated.wav,batch10_pair12-audio2.wav
group1,10,sid3114-clean-COSINE-3826-M_close_132.wav,batch10_pair13-audio1.wav
group1,10,sid3114-clean-COSINE-3826-M_close_132.wav,batch10_pair13-audio2.wav
group1,10,sid0999-noisy-COSINE-1399-F_array1_68-truncated.wav,batch10_pair14-audio1.wav
group1,10,sid0999-noisy-COSINE-1399-F_array1_68-truncated_freqbin0_scaled0.5.wav,batch10_pair14-audio2.wav
group1,10,sid1816-anchor-COSINE-2734-M_close_91.wav,batch10_pair15-audio1.wav
group1,10,sid1816-anchor-COSINE-2734-M_close_91_freqbin31_scaled10.0.wav,batch10_pair15-audio2.wav
group1,11,sid3114-clean-COSINE-3826-M_close_132.wav,batch11_pair0-audio1.wav
group1,11,sid3114-clean-COSINE-3826-M_close_132.wav,batch11_pair0-audio2.wav
group1,11,sid3114-clean-COSINE-3826-M_close_132.wav,batch11_pair1-audio1.wav
group1,11,sid3114-clean-COSINE-3826-M_close_132.wav,batch11_pair1-audio2.wav
group1,11,sid3114-clean-COSINE-3826-M_close_132.wav,batch11_pair2-audio1.wav
group1,11,sid3114-clean-COSINE-3826-M_close_132_freqbin3_scaled0.5.wav,batch11_pair2-audio2.wav
group1,11,sid3114-clean-COSINE-3826-M_close_132.wav,batch11_pair3-audio1.wav
group1,11,sid3114-clean-COSINE-3826-M_close_132_freqbin2_scaled0.5.wav,batch11_pair3-audio2.wav
group1,11,sid2579-noisy-COSINE-3231-F_array1_81.wav,batch11_pair4-audio1.wav
group1,11,sid2579-noisy-COSINE-3231-F_array1_81_freqbin41_scaled1000.0.wav,batch11_pair4-audio2.wav
group1,11,sid0999-noisy-COSINE-1399-F_array1_68-truncated_freqbin31_scaled1000.0.wav,batch11_pair5-audio1.wav
group1,11,sid0999-noisy-COSINE-1399-F_array1_68-truncated.wav,batch11_pair5-audio2.wav
group1,11,sid0999-noisy-COSINE-1399-F_array1_68-truncated_freqbin31_scaled0.5.wav,batch11_pair6-audio1.wav
group1,11,sid0999-noisy-COSINE-1399-F_array1_68-truncated.wav,batch11_pair6-audio2.wav
group1,11,sid3114-clean-COSINE-3826-M_close_132_freqbin3_scaled10.0.wav,batch11_pair7-audio1.wav
group1,11,sid3114-clean-COSINE-3826-M_close_132.wav,batch11_pair7-audio2.wav
group1,11,sid2579-noisy-COSINE-3231-F_array1_81.wav,batch11_pair8-audio1.wav
group1,11,sid2579-noisy-COSINE-3231-F_array1_81_freqbin41_scaled0.5.wav,batch11_pair8-audio2.wav
group1,11,sid2579-noisy-COSINE-3231-F_array1_81_freqbin41_scaled10.0.wav,batch11_pair9-audio1.wav
group1,11,sid2579-noisy-COSINE-3231-F_array1_81.wav,batch11_pair9-audio2.wav
group1,11,sid3114-clean-COSINE-3826-M_close_132.wav,batch11_pair10-audio1.wav
group1,11,sid3114-clean-COSINE-3826-M_close_132_freqbin3_scaled1000.0.wav,batch11_pair10-audio2.wav
group1,11,sid3114-clean-COSINE-3826-M_close_132_freqbin2_scaled1000.0.wav,batch11_pair11-audio1.wav
group1,11,sid3114-clean-COSINE-3826-M_close_132.wav,batch11_pair11-audio2.wav
group1,11,sid0999-noisy-COSINE-1399-F_array1_68-truncated.wav,batch11_pair12-audio1.wav
group1,11,sid0999-noisy-COSINE-1399-F_array1_68-truncated.wav,batch11_pair12-audio2.wav
group1,11,sid2579-noisy-COSINE-3231-F_array1_81.wav,batch11_pair13-audio1.wav
group1,11,sid2579-noisy-COSINE-3231-F_array1_81.wav,batch11_pair13-audio2.wav
group1,11,sid3114-clean-COSINE-3826-M_close_132.wav,batch11_pair14-audio1.wav
group1,11,sid3114-clean-COSINE-3826-M_close_132_freqbin2_scaled10.0.wav,batch11_pair14-audio2.wav
group1,11,sid0999-noisy-COSINE-1399-F_array1_68-truncated_freqbin31_scaled10.0.wav,batch11_pair15-audio1.wav
group1,11,sid0999-noisy-COSINE-1399-F_array1_68-truncated.wav,batch11_pair15-audio2.wav
group1,12,sid5333-noisy-COSINE-7408-M_array1_149.wav,batch12_pair0-audio1.wav
group1,12,sid5333-noisy-COSINE-7408-M_array1_149.wav,batch12_pair0-audio2.wav
group1,12,sid1816-anchor-COSINE-2734-M_close_91_freqbin3_scaled0.5.wav,batch12_pair1-audio1.wav
group1,12,sid1816-anchor-COSINE-2734-M_close_91.wav,batch12_pair1-audio2.wav
group1,12,sid1816-anchor-COSINE-2734-M_close_91_freqbin2_scaled0.5.wav,batch12_pair2-audio1.wav
group1,12,sid1816-anchor-COSINE-2734-M_close_91.wav,batch12_pair2-audio2.wav
group1,12,sid5333-noisy-COSINE-7408-M_array1_149_freqbin40_scaled0.5.wav,batch12_pair3-audio1.wav
group1,12,sid5333-noisy-COSINE-7408-M_array1_149.wav,batch12_pair3-audio2.wav
group1,12,sid1816-anchor-COSINE-2734-M_close_91.wav,batch12_pair4-audio1.wav
group1,12,sid1816-anchor-COSINE-2734-M_close_91_freqbin3_scaled1000.0.wav,batch12_pair4-audio2.wav
group1,12,sid3629-clean-COSINE-4174-F_close_72.wav,batch12_pair5-audio1.wav
group1,12,sid3629-clean-COSINE-4174-F_close_72.wav,batch12_pair5-audio2.wav
group1,12,sid5333-noisy-COSINE-7408-M_array1_149.wav,batch12_pair6-audio1.wav
group1,12,sid5333-noisy-COSINE-7408-M_array1_149_freqbin40_scaled1000.0.wav,batch12_pair6-audio2.wav
group1,12,sid1816-anchor-COSINE-2734-M_close_91.wav,batch12_pair7-audio1.wav
group1,12,sid1816-anchor-COSINE-2734-M_close_91_freqbin2_scaled10.0.wav,batch12_pair7-audio2.wav
group1,12,sid3629-clean-COSINE-4174-F_close_72_freqbin31_scaled0.5.wav,batch12_pair8-audio1.wav
group1,12,sid3629-clean-COSINE-4174-F_close_72.wav,batch12_pair8-audio2.wav
group1,12,sid1816-anchor-COSINE-2734-M_close_91_freqbin3_scaled10.0.wav,batch12_pair9-audio1.wav
group1,12,sid1816-anchor-COSINE-2734-M_close_91.wav,batch12_pair9-audio2.wav
group1,12,sid1816-anchor-COSINE-2734-M_close_91.wav,batch12_pair10-audio1.wav
group1,12,sid1816-anchor-COSINE-2734-M_close_91_freqbin2_scaled1000.0.wav,batch12_pair10-audio2.wav
group1,12,sid1816-anchor-COSINE-2734-M_close_91.wav,batch12_pair11-audio1.wav
group1,12,sid1816-anchor-COSINE-2734-M_close_91.wav,batch12_pair11-audio2.wav
group1,12,sid1816-anchor-COSINE-2734-M_close_91.wav,batch12_pair12-audio1.wav
group1,12,sid1816-anchor-COSINE-2734-M_close_91.wav,batch12_pair12-audio2.wav
group1,12,sid3629-clean-COSINE-4174-F_close_72_freqbin31_scaled10.0.wav,batch12_pair13-audio1.wav
group1,12,sid3629-clean-COSINE-4174-F_close_72.wav,batch12_pair13-audio2.wav
group1,12,sid3629-clean-COSINE-4174-F_close_72_freqbin31_scaled1000.0.wav,batch12_pair14-audio1.wav
group1,12,sid3629-clean-COSINE-4174-F_close_72.wav,batch12_pair14-audio2.wav
group1,12,sid5333-noisy-COSINE-7408-M_array1_149.wav,batch12_pair15-audio1.wav
group1,12,sid5333-noisy-COSINE-7408-M_array1_149_freqbin40_scaled10.0.wav,batch12_pair15-audio2.wav
group1,13,sid4715-noisy-COSINE-6463-F_array1_69.wav,batch13_pair0-audio1.wav
group1,13,sid4715-noisy-COSINE-6463-F_array1_69_freqbin31_scaled1000.0.wav,batch13_pair0-audio2.wav
group1,13,sid3114-clean-COSINE-3826-M_close_132.wav,batch13_pair1-audio1.wav
group1,13,sid3114-clean-COSINE-3826-M_close_132_freqbin1_scaled10.0.wav,batch13_pair1-audio2.wav
group1,13,sid4715-noisy-COSINE-6463-F_array1_69.wav,batch13_pair2-audio1.wav
group1,13,sid4715-noisy-COSINE-6463-F_array1_69.wav,batch13_pair2-audio2.wav
group1,13,sid4715-noisy-COSINE-6463-F_array1_69_freqbin41_scaled1000.0.wav,batch13_pair3-audio1.wav
group1,13,sid4715-noisy-COSINE-6463-F_array1_69.wav,batch13_pair3-audio2.wav
group1,13,sid4715-noisy-COSINE-6463-F_array1_69.wav,batch13_pair4-audio1.wav
group1,13,sid4715-noisy-COSINE-6463-F_array1_69_freqbin3_scaled0.5.wav,batch13_pair4-audio2.wav
group1,13,sid4715-noisy-COSINE-6463-F_array1_69.wav,batch13_pair5-audio1.wav
group1,13,sid4715-noisy-COSINE-6463-F_array1_69_freqbin41_scaled10.0.wav,batch13_pair5-audio2.wav
group1,13,sid4715-noisy-COSINE-6463-F_array1_69.wav,batch13_pair6-audio1.wav
group1,13,sid4715-noisy-COSINE-6463-F_array1_69_freqbin3_scaled1000.0.wav,batch13_pair6-audio2.wav
group1,13,sid4715-noisy-COSINE-6463-F_array1_69_freqbin41_scaled0.5.wav,batch13_pair7-audio1.wav
group1,13,sid4715-noisy-COSINE-6463-F_array1_69.wav,batch13_pair7-audio2.wav
group1,13,sid3114-clean-COSINE-3826-M_close_132_freqbin1_scaled1000.0.wav,batch13_pair8-audio1.wav
group1,13,sid3114-clean-COSINE-3826-M_close_132.wav,batch13_pair8-audio2.wav
group1,13,sid3114-clean-COSINE-3826-M_close_132.wav,batch13_pair9-audio1.wav
group1,13,sid3114-clean-COSINE-3826-M_close_132_freqbin1_scaled0.5.wav,batch13_pair9-audio2.wav
group1,13,sid4715-noisy-COSINE-6463-F_array1_69_freqbin31_scaled0.5.wav,batch13_pair10-audio1.wav
group1,13,sid4715-noisy-COSINE-6463-F_array1_69.wav,batch13_pair10-audio2.wav
group1,13,sid4715-noisy-COSINE-6463-F_array1_69_freqbin3_scaled10.0.wav,batch13_pair11-audio1.wav
group1,13,sid4715-noisy-COSINE-6463-F_array1_69.wav,batch13_pair11-audio2.wav
group1,13,sid4715-noisy-COSINE-6463-F_array1_69.wav,batch13_pair12-audio1.wav
group1,13,sid4715-noisy-COSINE-6463-F_array1_69_freqbin31_scaled10.0.wav,batch13_pair12-audio2.wav
group1,13,sid3114-clean-COSINE-3826-M_close_132.wav,batch13_pair13-audio1.wav
group1,13,sid3114-clean-COSINE-3826-M_close_132.wav,batch13_pair13-audio2.wav
group1,13,sid4715-noisy-COSINE-6463-F_array1_69.wav,batch13_pair14-audio1.wav
group1,13,sid4715-noisy-COSINE-6463-F_array1_69.wav,batch13_pair14-audio2.wav
group1,13,sid4715-noisy-COSINE-6463-F_array1_69.wav,batch13_pair15-audio1.wav
group1,13,sid4715-noisy-COSINE-6463-F_array1_69.wav,batch13_pair15-audio2.wav
group1,14,sid2579-noisy-COSINE-3231-F_array1_81_freqbin2_scaled10.0.wav,batch14_pair0-audio1.wav
group1,14,sid2579-noisy-COSINE-3231-F_array1_81.wav,batch14_pair0-audio2.wav
group1,14,sid2579-noisy-COSINE-3231-F_array1_81.wav,batch14_pair1-audio1.wav
group1,14,sid2579-noisy-COSINE-3231-F_array1_81_freqbin0_scaled1000.0.wav,batch14_pair1-audio2.wav
group1,14,sid2579-noisy-COSINE-3231-F_array1_81.wav,batch14_pair2-audio1.wav
group1,14,sid2579-noisy-COSINE-3231-F_array1_81.wav,batch14_pair2-audio2.wav
group1,14,sid0999-noisy-COSINE-1399-F_array1_68-truncated_freqbin5_scaled10.0.wav,batch14_pair3-audio1.wav
group1,14,sid0999-noisy-COSINE-1399-F_array1_68-truncated.wav,batch14_pair3-audio2.wav
group1,14,sid5333-noisy-COSINE-7408-M_array1_149.wav,batch14_pair4-audio1.wav
group1,14,sid5333-noisy-COSINE-7408-M_array1_149.wav,batch14_pair4-audio2.wav
group1,14,sid0999-noisy-COSINE-1399-F_array1_68-truncated.wav,batch14_pair5-audio1.wav
group1,14,sid0999-noisy-COSINE-1399-F_array1_68-truncated_freqbin5_scaled1000.0.wav,batch14_pair5-audio2.wav
group1,14,sid5333-noisy-COSINE-7408-M_array1_149.wav,batch14_pair6-audio1.wav
group1,14,sid5333-noisy-COSINE-7408-M_array1_149_freqbin2_scaled0.5.wav,batch14_pair6-audio2.wav
group1,14,sid0999-noisy-COSINE-1399-F_array1_68-truncated.wav,batch14_pair7-audio1.wav
group1,14,sid0999-noisy-COSINE-1399-F_array1_68-truncated_freqbin5_scaled0.5.wav,batch14_pair7-audio2.wav
group1,14,sid2579-noisy-COSINE-3231-F_array1_81.wav,batch14_pair8-audio1.wav
group1,14,sid2579-noisy-COSINE-3231-F_array1_81_freqbin0_scaled10.0.wav,batch14_pair8-audio2.wav
group1,14,sid5333-noisy-COSINE-7408-M_array1_149.wav,batch14_pair9-audio1.wav
group1,14,sid5333-noisy-COSINE-7408-M_array1_149_freqbin2_scaled1000.0.wav,batch14_pair9-audio2.wav
group1,14,sid5333-noisy-COSINE-7408-M_array1_149_freqbin2_scaled10.0.wav,batch14_pair10-audio1.wav
group1,14,sid5333-noisy-COSINE-7408-M_array1_149.wav,batch14_pair10-audio2.wav
group1,14,sid2579-noisy-COSINE-3231-F_array1_81.wav,batch14_pair11-audio1.wav
group1,14,sid2579-noisy-COSINE-3231-F_array1_81.wav,batch14_pair11-audio2.wav
group1,14,sid2579-noisy-COSINE-3231-F_array1_81.wav,batch14_pair12-audio1.wav
group1,14,sid2579-noisy-COSINE-3231-F_array1_81_freqbin2_scaled1000.0.wav,batch14_pair12-audio2.wav
group1,14,sid0999-noisy-COSINE-1399-F_array1_68-truncated.wav,batch14_pair13-audio1.wav
group1,14,sid0999-noisy-COSINE-1399-F_array1_68-truncated.wav,batch14_pair13-audio2.wav
group1,14,sid2579-noisy-COSINE-3231-F_array1_81.wav,batch14_pair14-audio1.wav
group1,14,sid2579-noisy-COSINE-3231-F_array1_81_freqbin0_scaled0.5.wav,batch14_pair14-audio2.wav
group1,14,sid2579-noisy-COSINE-3231-F_array1_81.wav,batch14_pair15-audio1.wav
group1,14,sid2579-noisy-COSINE-3231-F_array1_81_freqbin2_scaled0.5.wav,batch14_pair15-audio2.wav
group1,15,sid3629-clean-COSINE-4174-F_close_72.wav,batch15_pair0-audio1.wav
group1,15,sid3629-clean-COSINE-4174-F_close_72.wav,batch15_pair0-audio2.wav
group1,15,sid1816-anchor-COSINE-2734-M_close_91.wav,batch15_pair1-audio1.wav
group1,15,sid1816-anchor-COSINE-2734-M_close_91_freqbin5_scaled1000.0.wav,batch15_pair1-audio2.wav
group1,15,sid5333-noisy-COSINE-7408-M_array1_149_freqbin0_scaled0.5.wav,batch15_pair2-audio1.wav
group1,15,sid5333-noisy-COSINE-7408-M_array1_149.wav,batch15_pair2-audio2.wav
group1,15,sid3629-clean-COSINE-4174-F_close_72_freqbin3_scaled1000.0.wav,batch15_pair3-audio1.wav
group1,15,sid3629-clean-COSINE-4174-F_close_72.wav,batch15_pair3-audio2.wav
group1,15,sid5333-noisy-COSINE-7408-M_array1_149_freqbin0_scaled10.0.wav,batch15_pair4-audio1.wav
group1,15,sid5333-noisy-COSINE-7408-M_array1_149.wav,batch15_pair4-audio2.wav
group1,15,sid3114-clean-COSINE-3826-M_close_132.wav,batch15_pair5-audio1.wav
group1,15,sid3114-clean-COSINE-3826-M_close_132_freqbin4_scaled10.0.wav,batch15_pair5-audio2.wav
group1,15,sid3114-clean-COSINE-3826-M_close_132.wav,batch15_pair6-audio1.wav
group1,15,sid3114-clean-COSINE-3826-M_close_132.wav,batch15_pair6-audio2.wav
group1,15,sid5333-noisy-COSINE-7408-M_array1_149.wav,batch15_pair7-audio1.wav
group1,15,sid5333-noisy-COSINE-7408-M_array1_149_freqbin0_scaled1000.0.wav,batch15_pair7-audio2.wav
group1,15,sid5333-noisy-COSINE-7408-M_array1_149.wav,batch15_pair8-audio1.wav
group1,15,sid5333-noisy-COSINE-7408-M_array1_149.wav,batch15_pair8-audio2.wav
group1,15,sid3629-clean-COSINE-4174-F_close_72.wav,batch15_pair9-audio1.wav
group1,15,sid3629-clean-COSINE-4174-F_close_72_freqbin3_scaled10.0.wav,batch15_pair9-audio2.wav
group1,15,sid1816-anchor-COSINE-2734-M_close_91.wav,batch15_pair10-audio1.wav
group1,15,sid1816-anchor-COSINE-2734-M_close_91_freqbin5_scaled10.0.wav,batch15_pair10-audio2.wav
group1,15,sid3114-clean-COSINE-3826-M_close_132_freqbin4_scaled1000.0.wav,batch15_pair11-audio1.wav
group1,15,sid3114-clean-COSINE-3826-M_close_132.wav,batch15_pair11-audio2.wav
group1,15,sid3629-clean-COSINE-4174-F_close_72.wav,batch15_pair12-audio1.wav
group1,15,sid3629-clean-COSINE-4174-F_close_72_freqbin3_scaled0.5.wav,batch15_pair12-audio2.wav
group1,15,sid1816-anchor-COSINE-2734-M_close_91.wav,batch15_pair13-audio1.wav
group1,15,sid1816-anchor-COSINE-2734-M_close_91.wav,batch15_pair13-audio2.wav
group1,15,sid3114-clean-COSINE-3826-M_close_132.wav,batch15_pair14-audio1.wav
group1,15,sid3114-clean-COSINE-3826-M_close_132_freqbin4_scaled0.5.wav,batch15_pair14-audio2.wav
group1,15,sid1816-anchor-COSINE-2734-M_close_91.wav,batch15_pair15-audio1.wav
group1,15,sid1816-anchor-COSINE-2734-M_close_91_freqbin5_scaled0.5.wav,batch15_pair15-audio2.wav
group1,16,sid3629-clean-COSINE-4174-F_close_72.wav,batch16_pair0-audio1.wav
group1,16,sid3629-clean-COSINE-4174-F_close_72_freqbin1_scaled1000.0.wav,batch16_pair0-audio2.wav
group1,16,sid3114-clean-COSINE-3826-M_close_132_freqbin40_scaled0.5.wav,batch16_pair1-audio1.wav
group1,16,sid3114-clean-COSINE-3826-M_close_132.wav,batch16_pair1-audio2.wav
group1,16,sid2579-noisy-COSINE-3231-F_array1_81_freqbin4_scaled10.0.wav,batch16_pair2-audio1.wav
group1,16,sid2579-noisy-COSINE-3231-F_array1_81.wav,batch16_pair2-audio2.wav
group1,16,sid3114-clean-COSINE-3826-M_close_132.wav,batch16_pair3-audio1.wav
group1,16,sid3114-clean-COSINE-3826-M_close_132.wav,batch16_pair3-audio2.wav
group1,16,sid2579-noisy-COSINE-3231-F_array1_81_freqbin4_scaled1000.0.wav,batch16_pair4-audio1.wav
group1,16,sid2579-noisy-COSINE-3231-F_array1_81.wav,batch16_pair4-audio2.wav
group1,16,sid2579-noisy-COSINE-3231-F_array1_81.wav,batch16_pair5-audio1.wav
group1,16,sid2579-noisy-COSINE-3231-F_array1_81.wav,batch16_pair5-audio2.wav
group1,16,sid3629-clean-COSINE-4174-F_close_72.wav,batch16_pair6-audio1.wav
group1,16,sid3629-clean-COSINE-4174-F_close_72.wav,batch16_pair6-audio2.wav
group1,16,sid3114-clean-COSINE-3826-M_close_132.wav,batch16_pair7-audio1.wav
group1,16,sid3114-clean-COSINE-3826-M_close_132_freqbin40_scaled10.0.wav,batch16_pair7-audio2.wav
group1,16,sid3629-clean-COSINE-4174-F_close_72_freqbin1_scaled0.5.wav,batch16_pair8-audio1.wav
group1,16,sid3629-clean-COSINE-4174-F_close_72.wav,batch16_pair8-audio2.wav
group1,16,sid4715-noisy-COSINE-6463-F_array1_69.wav,batch16_pair9-audio1.wav
group1,16,sid4715-noisy-COSINE-6463-F_array1_69_freqbin5_scaled10.0.wav,batch16_pair9-audio2.wav
group1,16,sid3114-clean-COSINE-3826-M_close_132.wav,batch16_pair10-audio1.wav
group1,16,sid3114-clean-COSINE-3826-M_close_132_freqbin40_scaled1000.0.wav,batch16_pair10-audio2.wav
group1,16,sid4715-noisy-COSINE-6463-F_array1_69.wav,batch16_pair11-audio1.wav
group1,16,sid4715-noisy-COSINE-6463-F_array1_69_freqbin5_scaled1000.0.wav,batch16_pair11-audio2.wav
group1,16,sid2579-noisy-COSINE-3231-F_array1_81_freqbin4_scaled0.5.wav,batch16_pair12-audio1.wav
group1,16,sid2579-noisy-COSINE-3231-F_array1_81.wav,batch16_pair12-audio2.wav
group1,16,sid4715-noisy-COSINE-6463-F_array1_69.wav,batch16_pair13-audio1.wav
group1,16,sid4715-noisy-COSINE-6463-F_array1_69.wav,batch16_pair13-audio2.wav
group1,16,sid4715-noisy-COSINE-6463-F_array1_69_freqbin5_scaled0.5.wav,batch16_pair14-audio1.wav
group1,16,sid4715-noisy-COSINE-6463-F_array1_69.wav,batch16_pair14-audio2.wav
group1,16,sid3629-clean-COSINE-4174-F_close_72_freqbin1_scaled10.0.wav,batch16_pair15-audio1.wav
group1,16,sid3629-clean-COSINE-4174-F_close_72.wav,batch16_pair15-audio2.wav
group1,17,sid1816-anchor-COSINE-2734-M_close_91.wav,batch17_pair0-audio1.wav
group1,17,sid1816-anchor-COSINE-2734-M_close_91_freqbin1_scaled1000.0.wav,batch17_pair0-audio2.wav
group1,17,sid0101-clean-COSINE-0100-M_close_202-truncated.wav,batch17_pair1-audio1.wav
group1,17,sid0101-clean-COSINE-0100-M_close_202-truncated_freqbin2_scaled10.0.wav,batch17_pair1-audio2.wav
group1,17,sid1816-anchor-COSINE-2734-M_close_91_freqbin1_scaled0.5.wav,batch17_pair2-audio1.wav
group1,17,sid1816-anchor-COSINE-2734-M_close_91.wav,batch17_pair2-audio2.wav
group1,17,sid1816-anchor-COSINE-2734-M_close_91.wav,batch17_pair3-audio1.wav
group1,17,sid1816-anchor-COSINE-2734-M_close_91.wav,batch17_pair3-audio2.wav
group1,17,sid5333-noisy-COSINE-7408-M_array1_149_freqbin5_scaled10.0.wav,batch17_pair4-audio1.wav
group1,17,sid5333-noisy-COSINE-7408-M_array1_149.wav,batch17_pair4-audio2.wav
group1,17,sid0101-clean-COSINE-0100-M_close_202-truncated_freqbin2_scaled1000.0.wav,batch17_pair5-audio1.wav
group1,17,sid0101-clean-COSINE-0100-M_close_202-truncated.wav,batch17_pair5-audio2.wav
group1,17,sid2579-noisy-COSINE-3231-F_array1_81.wav,batch17_pair6-audio1.wav
group1,17,sid2579-noisy-COSINE-3231-F_array1_81_freqbin40_scaled10.0.wav,batch17_pair6-audio2.wav
group1,17,sid2579-noisy-COSINE-3231-F_array1_81.wav,batch17_pair7-audio1.wav
group1,17,sid2579-noisy-COSINE-3231-F_array1_81.wav,batch17_pair7-audio2.wav
group1,17,sid0101-clean-COSINE-0100-M_close_202-truncated_freqbin2_scaled0.5.wav,batch17_pair8-audio1.wav
group1,17,sid0101-clean-COSINE-0100-M_close_202-truncated.wav,batch17_pair8-audio2.wav
group1,17,sid5333-noisy-COSINE-7408-M_array1_149.wav,batch17_pair9-audio1.wav
group1,17,sid5333-noisy-COSINE-7408-M_array1_149_freqbin5_scaled0.5.wav,batch17_pair9-audio2.wav
group1,17,sid5333-noisy-COSINE-7408-M_array1_149.wav,batch17_pair10-audio1.wav
group1,17,sid5333-noisy-COSINE-7408-M_array1_149_freqbin5_scaled1000.0.wav,batch17_pair10-audio2.wav
group1,17,sid5333-noisy-COSINE-7408-M_array1_149.wav,batch17_pair11-audio1.wav
group1,17,sid5333-noisy-COSINE-7408-M_array1_149.wav,batch17_pair11-audio2.wav
group1,17,sid0101-clean-COSINE-0100-M_close_202-truncated.wav,batch17_pair12-audio1.wav
group1,17,sid0101-clean-COSINE-0100-M_close_202-truncated.wav,batch17_pair12-audio2.wav
group1,17,sid2579-noisy-COSINE-3231-F_array1_81.wav,batch17_pair13-audio1.wav
group1,17,sid2579-noisy-COSINE-3231-F_array1_81_freqbin40_scaled1000.0.wav,batch17_pair13-audio2.wav
group1,17,sid1816-anchor-COSINE-2734-M_close_91.wav,batch17_pair14-audio1.wav
group1,17,sid1816-anchor-COSINE-2734-M_close_91_freqbin1_scaled10.0.wav,batch17_pair14-audio2.wav
group1,17,sid2579-noisy-COSINE-3231-F_array1_81.wav,batch17_pair15-audio1.wav
group1,17,sid2579-noisy-COSINE-3231-F_array1_81_freqbin40_scaled0.5.wav,batch17_pair15-audio2.wav
group2,practice,sid1768-clean-COSINE-2734-M_close_35_freqbin4_scaled10.wav,practice0-audio1.wav
group2,practice,sid1768-clean-COSINE-2734-M_close_35.wav,practice0-audio2.wav
group2,practice,sid0795-clean-COSINE-1399-F_close_178-truncated.wav,practice1-audio1.wav
group2,practice,sid0795-clean-COSINE-1399-F_close_178-truncated_freqbin40_scaled1000.0.wav,practice1-audio2.wav
group2,0,sid0999-noisy-COSINE-1399-F_array1_68-truncated_freqbin6_scaled1000.0.wav,batch0_pair0-audio1.wav
group2,0,sid0999-noisy-COSINE-1399-F_array1_68-truncated.wav,batch0_pair0-audio2.wav
group2,0,sid0101-clean-COSINE-0100-M_close_202-truncated_freqbin26_scaled1000.0.wav,batch0_pair1-audio1.wav
group2,0,sid0101-clean-COSINE-0100-M_close_202-truncated.wav,batch0_pair1-audio2.wav
group2,0,sid0101-clean-COSINE-0100-M_close_202-truncated.wav,batch0_pair2-audio1.wav
group2,0,sid0101-clean-COSINE-0100-M_close_202-truncated.wav,batch0_pair2-audio2.wav
group2,0,sid0999-noisy-COSINE-1399-F_array1_68-truncated.wav,batch0_pair3-audio1.wav
group2,0,sid0999-noisy-COSINE-1399-F_array1_68-truncated_freqbin6_scaled0.5.wav,batch0_pair3-audio2.wav
group2,0,sid3114-clean-COSINE-3826-M_close_132.wav,batch0_pair4-audio1.wav
group2,0,sid3114-clean-COSINE-3826-M_close_132_freqbin15_scaled0.5.wav,batch0_pair4-audio2.wav
group2,0,sid3114-clean-COSINE-3826-M_close_132.wav,batch0_pair5-audio1.wav
group2,0,sid3114-clean-COSINE-3826-M_close_132_freqbin15_scaled1000.0.wav,batch0_pair5-audio2.wav
group2,0,sid3629-clean-COSINE-4174-F_close_72_freqbin26_scaled0.5.wav,batch0_pair6-audio1.wav
group2,0,sid3629-clean-COSINE-4174-F_close_72.wav,batch0_pair6-audio2.wav
group2,0,sid3629-clean-COSINE-4174-F_close_72_freqbin26_scaled1000.0.wav,batch0_pair7-audio1.wav
group2,0,sid3629-clean-COSINE-4174-F_close_72.wav,batch0_pair7-audio2.wav
group2,0,sid0999-noisy-COSINE-1399-F_array1_68-truncated_freqbin6_scaled10.0.wav,batch0_pair8-audio1.wav
group2,0,sid0999-noisy-COSINE-1399-F_array1_68-truncated.wav,batch0_pair8-audio2.wav
group2,0,sid3114-clean-COSINE-3826-M_close_132_freqbin15_scaled10.0.wav,batch0_pair9-audio1.wav
group2,0,sid3114-clean-COSINE-3826-M_close_132.wav,batch0_pair9-audio2.wav
group2,0,sid3629-clean-COSINE-4174-F_close_72_freqbin26_scaled10.0.wav,batch0_pair10-audio1.wav
group2,0,sid3629-clean-COSINE-4174-F_close_72.wav,batch0_pair10-audio2.wav
group2,0,sid3114-clean-COSINE-3826-M_close_132.wav,batch0_pair11-audio1.wav
group2,0,sid3114-clean-COSINE-3826-M_close_132.wav,batch0_pair11-audio2.wav
group2,0,sid0101-clean-COSINE-0100-M_close_202-truncated_freqbin26_scaled10.0.wav,batch0_pair12-audio1.wav
group2,0,sid0101-clean-COSINE-0100-M_close_202-truncated.wav,batch0_pair12-audio2.wav
group2,0,sid3629-clean-COSINE-4174-F_close_72.wav,batch0_pair13-audio1.wav
group2,0,sid3629-clean-COSINE-4174-F_close_72.wav,batch0_pair13-audio2.wav
group2,0,sid0101-clean-COSINE-0100-M_close_202-truncated.wav,batch0_pair14-audio1.wav
group2,0,sid0101-clean-COSINE-0100-M_close_202-truncated_freqbin26_scaled0.5.wav,batch0_pair14-audio2.wav
group2,0,sid0999-noisy-COSINE-1399-F_array1_68-truncated.wav,batch0_pair15-audio1.wav
group2,0,sid0999-noisy-COSINE-1399-F_array1_68-truncated.wav,batch0_pair15-audio2.wav
group2,1,sid1816-anchor-COSINE-2734-M_close_91_freqbin26_scaled10.0.wav,batch1_pair0-audio1.wav
group2,1,sid1816-anchor-COSINE-2734-M_close_91.wav,batch1_pair0-audio2.wav
group2,1,sid0101-clean-COSINE-0100-M_close_202-truncated.wav,batch1_pair1-audio1.wav
group2,1,sid0101-clean-COSINE-0100-M_close_202-truncated_freqbin12_scaled0.5.wav,batch1_pair1-audio2.wav
group2,1,sid1816-anchor-COSINE-2734-M_close_91.wav,batch1_pair2-audio1.wav
group2,1,sid1816-anchor-COSINE-2734-M_close_91.wav,batch1_pair2-audio2.wav
group2,1,sid5333-noisy-COSINE-7408-M_array1_149.wav,batch1_pair3-audio1.wav
group2,1,sid5333-noisy-COSINE-7408-M_array1_149.wav,batch1_pair3-audio2.wav
group2,1,sid5333-noisy-COSINE-7408-M_array1_149.wav,batch1_pair4-audio1.wav
group2,1,sid5333-noisy-COSINE-7408-M_array1_149_freqbin17_scaled0.5.wav,batch1_pair4-audio2.wav
group2,1,sid5333-noisy-COSINE-7408-M_array1_149.wav,batch1_pair5-audio1.wav
group2,1,sid5333-noisy-COSINE-7408-M_array1_149.wav,batch1_pair5-audio2.wav
group2,1,sid5333-noisy-COSINE-7408-M_array1_149_freqbin17_scaled1000.0.wav,batch1_pair6-audio1.wav
group2,1,sid5333-noisy-COSINE-7408-M_array1_149.wav,batch1_pair6-audio2.wav
group2,1,sid5333-noisy-COSINE-7408-M_array1_149.wav,batch1_pair7-audio1.wav
group2,1,sid5333-noisy-COSINE-7408-M_array1_149_freqbin15_scaled10.0.wav,batch1_pair7-audio2.wav
group2,1,sid1816-anchor-COSINE-2734-M_close_91.wav,batch1_pair8-audio1.wav
group2,1,sid1816-anchor-COSINE-2734-M_close_91_freqbin26_scaled1000.0.wav,batch1_pair8-audio2.wav
group2,1,sid1816-anchor-COSINE-2734-M_close_91.wav,batch1_pair9-audio1.wav
group2,1,sid1816-anchor-COSINE-2734-M_close_91_freqbin26_scaled0.5.wav,batch1_pair9-audio2.wav
group2,1,sid0101-clean-COSINE-0100-M_close_202-truncated.wav,batch1_pair10-audio1.wav
group2,1,sid0101-clean-COSINE-0100-M_close_202-truncated.wav,batch1_pair10-audio2.wav
group2,1,sid5333-noisy-COSINE-7408-M_array1_149.wav,batch1_pair11-audio1.wav
group2,1,sid5333-noisy-COSINE-7408-M_array1_149_freqbin15_scaled0.5.wav,batch1_pair11-audio2.wav
group2,1,sid5333-noisy-COSINE-7408-M_array1_149.wav,batch1_pair12-audio1.wav
group2,1,sid5333-noisy-COSINE-7408-M_array1_149_freqbin17_scaled10.0.wav,batch1_pair12-audio2.wav
group2,1,sid0101-clean-COSINE-0100-M_close_202-truncated_freqbin12_scaled10.0.wav,batch1_pair13-audio1.wav
group2,1,sid0101-clean-COSINE-0100-M_close_202-truncated.wav,batch1_pair13-audio2.wav
group2,1,sid0101-clean-COSINE-0100-M_close_202-truncated.wav,batch1_pair14-audio1.wav
group2,1,sid0101-clean-COSINE-0100-M_close_202-truncated_freqbin12_scaled1000.0.wav,batch1_pair14-audio2.wav
group2,1,sid5333-noisy-COSINE-7408-M_array1_149.wav,batch1_pair15-audio1.wav
group2,1,sid5333-noisy-COSINE-7408-M_array1_149_freqbin15_scaled1000.0.wav,batch1_pair15-audio2.wav
group2,2,sid1816-anchor-COSINE-2734-M_close_91.wav,batch2_pair0-audio1.wav
group2,2,sid1816-anchor-COSINE-2734-M_close_91_freqbin14_scaled10.0.wav,batch2_pair0-audio2.wav
group2,2,sid0101-clean-COSINE-0100-M_close_202-truncated_freqbin15_scaled1000.0.wav,batch2_pair1-audio1.wav
group2,2,sid0101-clean-COSINE-0100-M_close_202-truncated.wav,batch2_pair1-audio2.wav
group2,2,sid0101-clean-COSINE-0100-M_close_202-truncated_freqbin14_scaled10.0.wav,batch2_pair2-audio1.wav
group2,2,sid0101-clean-COSINE-0100-M_close_202-truncated.wav,batch2_pair2-audio2.wav
group2,2,sid0101-clean-COSINE-0100-M_close_202-truncated.wav,batch2_pair3-audio1.wav
group2,2,sid0101-clean-COSINE-0100-M_close_202-truncated_freqbin15_scaled0.5.wav,batch2_pair3-audio2.wav
group2,2,sid1816-anchor-COSINE-2734-M_close_91_freqbin14_scaled0.5.wav,batch2_pair4-audio1.wav
group2,2,sid1816-anchor-COSINE-2734-M_close_91.wav,batch2_pair4-audio2.wav
group2,2,sid1816-anchor-COSINE-2734-M_close_91.wav,batch2_pair5-audio1.wav
group2,2,sid1816-anchor-COSINE-2734-M_close_91.wav,batch2_pair5-audio2.wav
group2,2,sid1816-anchor-COSINE-2734-M_close_91.wav,batch2_pair6-audio1.wav
group2,2,sid1816-anchor-COSINE-2734-M_close_91_freqbin17_scaled10.0.wav,batch2_pair6-audio2.wav
group2,2,sid0101-clean-COSINE-0100-M_close_202-truncated.wav,batch2_pair7-audio1.wav
group2,2,sid0101-clean-COSINE-0100-M_close_202-truncated_freqbin14_scaled0.5.wav,batch2_pair7-audio2.wav
group2,2,sid1816-anchor-COSINE-2734-M_close_91.wav,batch2_pair8-audio1.wav
group2,2,sid1816-anchor-COSINE-2734-M_close_91_freqbin17_scaled0.5.wav,batch2_pair8-audio2.wav
group2,2,sid0101-clean-COSINE-0100-M_close_202-truncated.wav,batch2_pair9-audio1.wav
group2,2,sid0101-clean-COSINE-0100-M_close_202-truncated.wav,batch2_pair9-audio2.wav
group2,2,sid1816-anchor-COSINE-2734-M_close_91.wav,batch2_pair10-audio1.wav
group2,2,sid1816-anchor-COSINE-2734-M_close_91.wav,batch2_pair10-audio2.wav
group2,2,sid1816-anchor-COSINE-2734-M_close_91.wav,batch2_pair11-audio1.wav
group2,2,sid1816-anchor-COSINE-2734-M_close_91_freqbin17_scaled1000.0.wav,batch2_pair11-audio2.wav
group2,2,sid0101-clean-COSINE-0100-M_close_202-truncated.wav,batch2_pair12-audio1.wav
group2,2,sid0101-clean-COSINE-0100-M_close_202-truncated.wav,batch2_pair12-audio2.wav
group2,2,sid0101-clean-COSINE-0100-M_close_202-truncated_freqbin14_scaled1000.0.wav,batch2_pair13-audio1.wav
group2,2,sid0101-clean-COSINE-0100-M_close_202-truncated.wav,batch2_pair13-audio2.wav
group2,2,sid1816-anchor-COSINE-2734-M_close_91.wav,batch2_pair14-audio1.wav
group2,2,sid1816-anchor-COSINE-2734-M_close_91_freqbin14_scaled1000.0.wav,batch2_pair14-audio2.wav
group2,2,sid0101-clean-COSINE-0100-M_close_202-truncated.wav,batch2_pair15-audio1.wav
group2,2,sid0101-clean-COSINE-0100-M_close_202-truncated_freqbin15_scaled10.0.wav,batch2_pair15-audio2.wav
group2,3,sid2579-noisy-COSINE-3231-F_array1_81_freqbin20_scaled1000.0.wav,batch3_pair0-audio1.wav
group2,3,sid2579-noisy-COSINE-3231-F_array1_81.wav,batch3_pair0-audio2.wav
group2,3,sid2579-noisy-COSINE-3231-F_array1_81.wav,batch3_pair1-audio1.wav
group2,3,sid2579-noisy-COSINE-3231-F_array1_81_freqbin26_scaled0.5.wav,batch3_pair1-audio2.wav
group2,3,sid1816-anchor-COSINE-2734-M_close_91_freqbin6_scaled1000.0.wav,batch3_pair2-audio1.wav
group2,3,sid1816-anchor-COSINE-2734-M_close_91.wav,batch3_pair2-audio2.wav
group2,3,sid3114-clean-COSINE-3826-M_close_132.wav,batch3_pair3-audio1.wav
group2,3,sid3114-clean-COSINE-3826-M_close_132.wav,batch3_pair3-audio2.wav
group2,3,sid2579-noisy-COSINE-3231-F_array1_81_freqbin20_scaled0.5.wav,batch3_pair4-audio1.wav
group2,3,sid2579-noisy-COSINE-3231-F_array1_81.wav,batch3_pair4-audio2.wav
group2,3,sid2579-noisy-COSINE-3231-F_array1_81_freqbin20_scaled10.0.wav,batch3_pair5-audio1.wav
group2,3,sid2579-noisy-COSINE-3231-F_array1_81.wav,batch3_pair5-audio2.wav
group2,3,sid2579-noisy-COSINE-3231-F_array1_81.wav,batch3_pair6-audio1.wav
group2,3,sid2579-noisy-COSINE-3231-F_array1_81.wav,batch3_pair6-audio2.wav
group2,3,sid3114-clean-COSINE-3826-M_close_132.wav,batch3_pair7-audio1.wav
group2,3,sid3114-clean-COSINE-3826-M_close_132_freqbin17_scaled1000.0.wav,batch3_pair7-audio2.wav
group2,3,sid3114-clean-COSINE-3826-M_close_132.wav,batch3_pair8-audio1.wav
group2,3,sid3114-clean-COSINE-3826-M_close_132_freqbin17_scaled10.0.wav,batch3_pair8-audio2.wav
group2,3,sid2579-noisy-COSINE-3231-F_array1_81_freqbin26_scaled1000.0.wav,batch3_pair9-audio1.wav
group2,3,sid2579-noisy-COSINE-3231-F_array1_81.wav,batch3_pair9-audio2.wav
group2,3,sid3114-clean-COSINE-3826-M_close_132_freqbin17_scaled0.5.wav,batch3_pair10-audio1.wav
group2,3,sid3114-clean-COSINE-3826-M_close_132.wav,batch3_pair10-audio2.wav
group2,3,sid1816-anchor-COSINE-2734-M_close_91.wav,batch3_pair11-audio1.wav
group2,3,sid1816-anchor-COSINE-2734-M_close_91_freqbin6_scaled0.5.wav,batch3_pair11-audio2.wav
group2,3,sid2579-noisy-COSINE-3231-F_array1_81.wav,batch3_pair12-audio1.wav
group2,3,sid2579-noisy-COSINE-3231-F_array1_81.wav,batch3_pair12-audio2.wav
group2,3,sid1816-anchor-COSINE-2734-M_close_91.wav,batch3_pair13-audio1.wav
group2,3,sid1816-anchor-COSINE-2734-M_close_91_freqbin6_scaled10.0.wav,batch3_pair13-audio2.wav
group2,3,sid2579-noisy-COSINE-3231-F_array1_81_freqbin26_scaled10.0.wav,batch3_pair14-audio1.wav
group2,3,sid2579-noisy-COSINE-3231-F_array1_81.wav,batch3_pair14-audio2.wav
group2,3,sid1816-anchor-COSINE-2734-M_close_91.wav,batch3_pair15-audio1.wav
group2,3,sid1816-anchor-COSINE-2734-M_close_91.wav,batch3_pair15-audio2.wav
group2,4,sid0999-noisy-COSINE-1399-F_array1_68-truncated_freqbin14_scaled1000.0.wav,batch4_pair0-audio1.wav
group2,4,sid0999-noisy-COSINE-1399-F_array1_68-truncated.wav,batch4_pair0-audio2.wav
group2,4,sid3629-clean-COSINE-4174-F_close_72.wav,batch4_pair1-audio1.wav
group2,4,sid3629-clean-COSINE-4174-F_close_72.wav,batch4_pair1-audio2.wav
group2,4,sid4715-noisy-COSINE-6463-F_array1_69_freqbin26_scaled0.5.wav,batch4_pair2-audio1.wav
group2,4,sid4715-noisy-COSINE-6463-F_array1_69.wav,batch4_pair2-audio2.wav
group2,4,sid5333-noisy-COSINE-7408-M_array1_149_freqbin14_scaled0.5.wav,batch4_pair3-audio1.wav
group2,4,sid5333-noisy-COSINE-7408-M_array1_149.wav,batch4_pair3-audio2.wav
group2,4,sid3629-clean-COSINE-4174-F_close_72_freqbin12_scaled0.5.wav,batch4_pair4-audio1.wav
group2,4,sid3629-clean-COSINE-4174-F_close_72.wav,batch4_pair4-audio2.wav
group2,4,sid0999-noisy-COSINE-1399-F_array1_68-truncated.wav,batch4_pair5-audio1.wav
group2,4,sid0999-noisy-COSINE-1399-F_array1_68-truncated_freqbin14_scaled10.0.wav,batch4_pair5-audio2.wav
group2,4,sid5333-noisy-COSINE-7408-M_array1_149.wav,batch4_pair6-audio1.wav
group2,4,sid5333-noisy-COSINE-7408-M_array1_149.wav,batch4_pair6-audio2.wav
group2,4,sid4715-noisy-COSINE-6463-F_array1_69.wav,batch4_pair7-audio1.wav
group2,4,sid4715-noisy-COSINE-6463-F_array1_69.wav,batch4_pair7-audio2.wav
group2,4,sid0999-noisy-COSINE-1399-F_array1_68-truncated.wav,batch4_pair8-audio1.wav
group2,4,sid0999-noisy-COSINE-1399-F_array1_68-truncated.wav,batch4_pair8-audio2.wav
group2,4,sid3629-clean-COSINE-4174-F_close_72.wav,batch4_pair9-audio1.wav
group2,4,sid3629-clean-COSINE-4174-F_close_72_freqbin12_scaled10.0.wav,batch4_pair9-audio2.wav
group2,4,sid4715-noisy-COSINE-6463-F_array1_69_freqbin26_scaled10.0.wav,batch4_pair10-audio1.wav
group2,4,sid4715-noisy-COSINE-6463-F_array1_69.wav,batch4_pair10-audio2.wav
group2,4,sid4715-noisy-COSINE-6463-F_array1_69_freqbin26_scaled1000.0.wav,batch4_pair11-audio1.wav
group2,4,sid4715-noisy-COSINE-6463-F_array1_69.wav,batch4_pair11-audio2.wav
group2,4,sid5333-noisy-COSINE-7408-M_array1_149_freqbin14_scaled10.0.wav,batch4_pair12-audio1.wav
group2,4,sid5333-noisy-COSINE-7408-M_array1_149.wav,batch4_pair12-audio2.wav
group2,4,sid5333-noisy-COSINE-7408-M_array1_149_freqbin14_scaled1000.0.wav,batch4_pair13-audio1.wav
group2,4,sid5333-noisy-COSINE-7408-M_array1_149.wav,batch4_pair13-audio2.wav
group2,4,sid0999-noisy-COSINE-1399-F_array1_68-truncated.wav,batch4_pair14-audio1.wav
group2,4,sid0999-noisy-COSINE-1399-F_array1_68-truncated_freqbin14_scaled0.5.wav,batch4_pair14-audio2.wav
group2,4,sid3629-clean-COSINE-4174-F_close_72_freqbin12_scaled1000.0.wav,batch4_pair15-audio1.wav
group2,4,sid3629-clean-COSINE-4174-F_close_72.wav,batch4_pair15-audio2.wav
group2,5,sid0101-clean-COSINE-0100-M_close_202-truncated_freqbin20_scaled10.0.wav,batch5_pair0-audio1.wav
group2,5,sid0101-clean-COSINE-0100-M_close_202-truncated.wav,batch5_pair0-audio2.wav
group2,5,sid2579-noisy-COSINE-3231-F_array1_81_freqbin6_scaled0.5.wav,batch5_pair1-audio1.wav
group2,5,sid2579-noisy-COSINE-3231-F_array1_81.wav,batch5_pair1-audio2.wav
group2,5,sid0101-clean-COSINE-0100-M_close_202-truncated.wav,batch5_pair2-audio1.wav
group2,5,sid0101-clean-COSINE-0100-M_close_202-truncated_freqbin20_scaled0.5.wav,batch5_pair2-audio2.wav
group2,5,sid0101-clean-COSINE-0100-M_close_202-truncated.wav,batch5_pair3-audio1.wav
group2,5,sid0101-clean-COSINE-0100-M_close_202-truncated_freqbin17_scaled10.0.wav,batch5_pair3-audio2.wav
group2,5,sid0101-clean-COSINE-0100-M_close_202-truncated.wav,batch5_pair4-audio1.wav
group2,5,sid0101-clean-COSINE-0100-M_close_202-truncated.wav,batch5_pair4-audio2.wav
group2,5,sid4715-noisy-COSINE-6463-F_array1_69.wav,batch5_pair5-audio1.wav
group2,5,sid4715-noisy-COSINE-6463-F_array1_69.wav,batch5_pair5-audio2.wav
group2,5,sid4715-noisy-COSINE-6463-F_array1_69.wav,batch5_pair6-audio1.wav
group2,5,sid4715-noisy-COSINE-6463-F_array1_69_freqbin15_scaled1000.0.wav,batch5_pair6-audio2.wav
group2,5,sid0101-clean-COSINE-0100-M_close_202-truncated_freqbin17_scaled1000.0.wav,batch5_pair7-audio1.wav
group2,5,sid0101-clean-COSINE-0100-M_close_202-truncated.wav,batch5_pair7-audio2.wav
group2,5,sid0101-clean-COSINE-0100-M_close_202-truncated.wav,batch5_pair8-audio1.wav
group2,5,sid0101-clean-COSINE-0100-M_close_202-truncated.wav,batch5_pair8-audio2.wav
group2,5,sid0101-clean-COSINE-0100-M_close_202-truncated_freqbin20_scaled1000.0.wav,batch5_pair9-audio1.wav
group2,5,sid0101-clean-COSINE-0100-M_close_202-truncated.wav,batch5_pair9-audio2.wav
group2,5,sid4715-noisy-COSINE-6463-F_array1_69_freqbin15_scaled10.0.wav,batch5_pair10-audio1.wav
group2,5,sid4715-noisy-COSINE-6463-F_array1_69.wav,batch5_pair10-audio2.wav
group2,5,sid2579-noisy-COSINE-3231-F_array1_81.wav,batch5_pair11-audio1.wav
group2,5,sid2579-noisy-COSINE-3231-F_array1_81.wav,batch5_pair11-audio2.wav
group2,5,sid0101-clean-COSINE-0100-M_close_202-truncated_freqbin17_scaled0.5.wav,batch5_pair12-audio1.wav
group2,5,sid0101-clean-COSINE-0100-M_close_202-truncated.wav,batch5_pair12-audio2.wav
group2,5,sid2579-noisy-COSINE-3231-F_array1_81_freqbin6_scaled1000.0.wav,batch5_pair13-audio1.wav
group2,5,sid2579-noisy-COSINE-3231-F_array1_81.wav,batch5_pair13-audio2.wav
group2,5,sid4715-noisy-COSINE-6463-F_array1_69.wav,batch5_pair14-audio1.wav
group2,5,sid4715-noisy-COSINE-6463-F_array1_69_freqbin15_scaled0.5.wav,batch5_pair14-audio2.wav
group2,5,sid2579-noisy-COSINE-3231-F_array1_81.wav,batch5_pair15-audio1.wav
group2,5,sid2579-noisy-COSINE-3231-F_array1_81_freqbin6_scaled10.0.wav,batch5_pair15-audio2.wav
group2,6,sid3114-clean-COSINE-3826-M_close_132_freqbin12_scaled0.5.wav,batch6_pair0-audio1.wav
group2,6,sid3114-clean-COSINE-3826-M_close_132.wav,batch6_pair0-audio2.wav
group2,6,sid3114-clean-COSINE-3826-M_close_132_freqbin26_scaled1000.0.wav,batch6_pair1-audio1.wav
group2,6,sid3114-clean-COSINE-3826-M_close_132.wav,batch6_pair1-audio2.wav
group2,6,sid3629-clean-COSINE-4174-F_close_72.wav,batch6_pair2-audio1.wav
group2,6,sid3629-clean-COSINE-4174-F_close_72_freqbin15_scaled1000.0.wav,batch6_pair2-audio2.wav
group2,6,sid3114-clean-COSINE-3826-M_close_132_freqbin26_scaled10.0.wav,batch6_pair3-audio1.wav
group2,6,sid3114-clean-COSINE-3826-M_close_132.wav,batch6_pair3-audio2.wav
group2,6,sid3629-clean-COSINE-4174-F_close_72.wav,batch6_pair4-audio1.wav
group2,6,sid3629-clean-COSINE-4174-F_close_72_freqbin15_scaled0.5.wav,batch6_pair4-audio2.wav
group2,6,sid0999-noisy-COSINE-1399-F_array1_68-truncated_freqbin15_scaled0.5.wav,batch6_pair5-audio1.wav
group2,6,sid0999-noisy-COSINE-1399-F_array1_68-truncated.wav,batch6_pair5-audio2.wav
group2,6,sid3114-clean-COSINE-3826-M_close_132.wav,batch6_pair6-audio1.wav
group2,6,sid3114-clean-COSINE-3826-M_close_132_freqbin12_scaled10.0.wav,batch6_pair6-audio2.wav
group2,6,sid0999-noisy-COSINE-1399-F_array1_68-truncated.wav,batch6_pair7-audio1.wav
group2,6,sid0999-noisy-COSINE-1399-F_array1_68-truncated_freqbin15_scaled10.0.wav,batch6_pair7-audio2.wav
group2,6,sid0999-noisy-COSINE-1399-F_array1_68-truncated.wav,batch6_pair8-audio1.wav
group2,6,sid0999-noisy-COSINE-1399-F_array1_68-truncated.wav,batch6_pair8-audio2.wav
group2,6,sid3114-clean-COSINE-3826-M_close_132.wav,batch6_pair9-audio1.wav
group2,6,sid3114-clean-COSINE-3826-M_close_132.wav,batch6_pair9-audio2.wav
group2,6,sid3114-clean-COSINE-3826-M_close_132_freqbin12_scaled1000.0.wav,batch6_pair10-audio1.wav
group2,6,sid3114-clean-COSINE-3826-M_close_132.wav,batch6_pair10-audio2.wav
group2,6,sid3114-clean-COSINE-3826-M_close_132.wav,batch6_pair11-audio1.wav
group2,6,sid3114-clean-COSINE-3826-M_close_132_freqbin26_scaled0.5.wav,batch6_pair11-audio2.wav
group2,6,sid0999-noisy-COSINE-1399-F_array1_68-truncated.wav,batch6_pair12-audio1.wav
group2,6,sid0999-noisy-COSINE-1399-F_array1_68-truncated_freqbin15_scaled1000.0.wav,batch6_pair12-audio2.wav
group2,6,sid3629-clean-COSINE-4174-F_close_72.wav,batch6_pair13-audio1.wav
group2,6,sid3629-clean-COSINE-4174-F_close_72.wav,batch6_pair13-audio2.wav
group2,6,sid3629-clean-COSINE-4174-F_close_72_freqbin15_scaled10.0.wav,batch6_pair14-audio1.wav
group2,6,sid3629-clean-COSINE-4174-F_close_72.wav,batch6_pair14-audio2.wav
group2,6,sid3114-clean-COSINE-3826-M_close_132.wav,batch6_pair15-audio1.wav
group2,6,sid3114-clean-COSINE-3826-M_close_132.wav,batch6_pair15-audio2.wav
group2,7,sid3629-clean-COSINE-4174-F_close_72.wav,batch7_pair0-audio1.wav
group2,7,sid3629-clean-COSINE-4174-F_close_72_freqbin6_scaled0.5.wav,batch7_pair0-audio2.wav
group2,7,sid1816-anchor-COSINE-2734-M_close_91_freqbin20_scaled10.0.wav,batch7_pair1-audio1.wav
group2,7,sid1816-anchor-COSINE-2734-M_close_91.wav,batch7_pair1-audio2.wav
group2,7,sid3114-clean-COSINE-3826-M_close_132_freqbin6_scaled1000.0.wav,batch7_pair2-audio1.wav
group2,7,sid3114-clean-COSINE-3826-M_close_132.wav,batch7_pair2-audio2.wav
group2,7,sid3114-clean-COSINE-3826-M_close_132_freqbin6_scaled0.5.wav,batch7_pair3-audio1.wav
group2,7,sid3114-clean-COSINE-3826-M_close_132.wav,batch7_pair3-audio2.wav
group2,7,sid4715-noisy-COSINE-6463-F_array1_69.wav,batch7_pair4-audio1.wav
group2,7,sid4715-noisy-COSINE-6463-F_array1_69.wav,batch7_pair4-audio2.wav
group2,7,sid3629-clean-COSINE-4174-F_close_72.wav,batch7_pair5-audio1.wav
group2,7,sid3629-clean-COSINE-4174-F_close_72.wav,batch7_pair5-audio2.wav
group2,7,sid3629-clean-COSINE-4174-F_close_72.wav,batch7_pair6-audio1.wav
group2,7,sid3629-clean-COSINE-4174-F_close_72_freqbin6_scaled1000.0.wav,batch7_pair6-audio2.wav
group2,7,sid1816-anchor-COSINE-2734-M_close_91.wav,batch7_pair7-audio1.wav
group2,7,sid1816-anchor-COSINE-2734-M_close_91_freqbin20_scaled1000.0.wav,batch7_pair7-audio2.wav
group2,7,sid1816-anchor-COSINE-2734-M_close_91.wav,batch7_pair8-audio1.wav
group2,7,sid1816-anchor-COSINE-2734-M_close_91.wav,batch7_pair8-audio2.wav
group2,7,sid4715-noisy-COSINE-6463-F_array1_69_freqbin20_scaled1000.0.wav,batch7_pair9-audio1.wav
group2,7,sid4715-noisy-COSINE-6463-F_array1_69.wav,batch7_pair9-audio2.wav
group2,7,sid4715-noisy-COSINE-6463-F_array1_69_freqbin20_scaled0.5.wav,batch7_pair10-audio1.wav
group2,7,sid4715-noisy-COSINE-6463-F_array1_69.wav,batch7_pair10-audio2.wav
group2,7,sid3114-clean-COSINE-3826-M_close_132_freqbin6_scaled10.0.wav,batch7_pair11-audio1.wav
group2,7,sid3114-clean-COSINE-3826-M_close_132.wav,batch7_pair11-audio2.wav
group2,7,sid3114-clean-COSINE-3826-M_close_132.wav,batch7_pair12-audio1.wav
group2,7,sid3114-clean-COSINE-3826-M_close_132.wav,batch7_pair12-audio2.wav
group2,7,sid1816-anchor-COSINE-2734-M_close_91.wav,batch7_pair13-audio1.wav
group2,7,sid1816-anchor-COSINE-2734-M_close_91_freqbin20_scaled0.5.wav,batch7_pair13-audio2.wav
group2,7,sid3629-clean-COSINE-4174-F_close_72_freqbin6_scaled10.0.wav,batch7_pair14-audio1.wav
group2,7,sid3629-clean-COSINE-4174-F_close_72.wav,batch7_pair14-audio2.wav
group2,7,sid4715-noisy-COSINE-6463-F_array1_69.wav,batch7_pair15-audio1.wav
group2,7,sid4715-noisy-COSINE-6463-F_array1_69_freqbin20_scaled10.0.wav,batch7_pair15-audio2.wav
group2,8,sid0999-noisy-COSINE-1399-F_array1_68-truncated_freqbin17_scaled0.5.wav,batch8_pair0-audio1.wav
group2,8,sid0999-noisy-COSINE-1399-F_array1_68-truncated.wav,batch8_pair0-audio2.wav
group2,8,sid0999-noisy-COSINE-1399-F_array1_68-truncated.wav,batch8_pair1-audio1.wav
group2,8,sid0999-noisy-COSINE-1399-F_array1_68-truncated_freqbin20_scaled10.0.wav,batch8_pair1-audio2.wav
group2,8,sid5333-noisy-COSINE-7408-M_array1_149.wav,batch8_pair2-audio1.wav
group2,8,sid5333-noisy-COSINE-7408-M_array1_149_freqbin6_scaled0.5.wav,batch8_pair2-audio2.wav
group2,8,sid5333-noisy-COSINE-7408-M_array1_149.wav,batch8_pair3-audio1.wav
group2,8,sid5333-noisy-COSINE-7408-M_array1_149.wav,batch8_pair3-audio2.wav
group2,8,sid5333-noisy-COSINE-7408-M_array1_149_freqbin6_scaled10.0.wav,batch8_pair4-audio1.wav
group2,8,sid5333-noisy-COSINE-7408-M_array1_149.wav,batch8_pair4-audio2.wav
group2,8,sid3114-clean-COSINE-3826-M_close_132.wav,batch8_pair5-audio1.wav
group2,8,sid3114-clean-COSINE-3826-M_close_132_freqbin14_scaled1000.0.wav,batch8_pair5-audio2.wav
group2,8,sid0999-noisy-COSINE-1399-F_array1_68-truncated.wav,batch8_pair6-audio1.wav
group2,8,sid0999-noisy-COSINE-1399-F_array1_68-truncated.wav,batch8_pair6-audio2.wav
group2,8,sid3114-clean-COSINE-3826-M_close_132_freqbin14_scaled0.5.wav,batch8_pair7-audio1.wav
group2,8,sid3114-clean-COSINE-3826-M_close_132.wav,batch8_pair7-audio2.wav
group2,8,sid5333-noisy-COSINE-7408-M_array1_149.wav,batch8_pair8-audio1.wav
group2,8,sid5333-noisy-COSINE-7408-M_array1_149_freqbin6_scaled1000.0.wav,batch8_pair8-audio2.wav
group2,8,sid0999-noisy-COSINE-1399-F_array1_68-truncated_freqbin20_scaled1000.0.wav,batch8_pair9-audio1.wav
group2,8,sid0999-noisy-COSINE-1399-F_array1_68-truncated.wav,batch8_pair9-audio2.wav
group2,8,sid3114-clean-COSINE-3826-M_close_132.wav,batch8_pair10-audio1.wav
group2,8,sid3114-clean-COSINE-3826-M_close_132.wav,batch8_pair10-audio2.wav
group2,8,sid0999-noisy-COSINE-1399-F_array1_68-truncated_freqbin20_scaled0.5.wav,batch8_pair11-audio1.wav
group2,8,sid0999-noisy-COSINE-1399-F_array1_68-truncated.wav,batch8_pair11-audio2.wav
group2,8,sid0999-noisy-COSINE-1399-F_array1_68-truncated.wav,batch8_pair12-audio1.wav
group2,8,sid0999-noisy-COSINE-1399-F_array1_68-truncated.wav,batch8_pair12-audio2.wav
group2,8,sid0999-noisy-COSINE-1399-F_array1_68-truncated.wav,batch8_pair13-audio1.wav
group2,8,sid0999-noisy-COSINE-1399-F_array1_68-truncated_freqbin17_scaled10.0.wav,batch8_pair13-audio2.wav
group2,8,sid0999-noisy-COSINE-1399-F_array1_68-truncated.wav,batch8_pair14-audio1.wav
group2,8,sid0999-noisy-COSINE-1399-F_array1_68-truncated_freqbin17_scaled1000.0.wav,batch8_pair14-audio2.wav
group2,8,sid3114-clean-COSINE-3826-M_close_132_freqbin14_scaled10.0.wav,batch8_pair15-audio1.wav
group2,8,sid3114-clean-COSINE-3826-M_close_132.wav,batch8_pair15-audio2.wav
group2,9,sid5333-noisy-COSINE-7408-M_array1_149.wav,batch9_pair0-audio1.wav
group2,9,sid5333-noisy-COSINE-7408-M_array1_149_freqbin26_scaled10.0.wav,batch9_pair0-audio2.wav
group2,9,sid1816-anchor-COSINE-2734-M_close_91.wav,batch9_pair1-audio1.wav
group2,9,sid1816-anchor-COSINE-2734-M_close_91_freqbin15_scaled1000.0.wav,batch9_pair1-audio2.wav
group2,9,sid5333-noisy-COSINE-7408-M_array1_149.wav,batch9_pair2-audio1.wav
group2,9,sid5333-noisy-COSINE-7408-M_array1_149_freqbin26_scaled1000.0.wav,batch9_pair2-audio2.wav
group2,9,sid2579-noisy-COSINE-3231-F_array1_81.wav,batch9_pair3-audio1.wav
group2,9,sid2579-noisy-COSINE-3231-F_array1_81_freqbin17_scaled10.0.wav,batch9_pair3-audio2.wav
group2,9,sid1816-anchor-COSINE-2734-M_close_91.wav,batch9_pair4-audio1.wav
group2,9,sid1816-anchor-COSINE-2734-M_close_91.wav,batch9_pair4-audio2.wav
group2,9,sid3114-clean-COSINE-3826-M_close_132_freqbin20_scaled0.5.wav,batch9_pair5-audio1.wav
group2,9,sid3114-clean-COSINE-3826-M_close_132.wav,batch9_pair5-audio2.wav
group2,9,sid1816-anchor-COSINE-2734-M_close_91.wav,batch9_pair6-audio1.wav
group2,9,sid1816-anchor-COSINE-2734-M_close_91_freqbin15_scaled10.0.wav,batch9_pair6-audio2.wav
group2,9,sid3114-clean-COSINE-3826-M_close_132.wav,batch9_pair7-audio1.wav
group2,9,sid3114-clean-COSINE-3826-M_close_132_freqbin20_scaled1000.0.wav,batch9_pair7-audio2.wav
group2,9,sid5333-noisy-COSINE-7408-M_array1_149.wav,batch9_pair8-audio1.wav
group2,9,sid5333-noisy-COSINE-7408-M_array1_149.wav,batch9_pair8-audio2.wav
group2,9,sid2579-noisy-COSINE-3231-F_array1_81.wav,batch9_pair9-audio1.wav
group2,9,sid2579-noisy-COSINE-3231-F_array1_81.wav,batch9_pair9-audio2.wav
group2,9,sid1816-anchor-COSINE-2734-M_close_91_freqbin15_scaled0.5.wav,batch9_pair10-audio1.wav
group2,9,sid1816-anchor-COSINE-2734-M_close_91.wav,batch9_pair10-audio2.wav
group2,9,sid3114-clean-COSINE-3826-M_close_132_freqbin20_scaled10.0.wav,batch9_pair11-audio1.wav
group2,9,sid3114-clean-COSINE-3826-M_close_132.wav,batch9_pair11-audio2.wav
group2,9,sid5333-noisy-COSINE-7408-M_array1_149.wav,batch9_pair12-audio1.wav
group2,9,sid5333-noisy-COSINE-7408-M_array1_149_freqbin26_scaled0.5.wav,batch9_pair12-audio2.wav
group2,9,sid2579-noisy-COSINE-3231-F_array1_81_freqbin17_scaled0.5.wav,batch9_pair13-audio1.wav
group2,9,sid2579-noisy-COSINE-3231-F_array1_81.wav,batch9_pair13-audio2.wav
group2,9,sid2579-noisy-COSINE-3231-F_array1_81_freqbin17_scaled1000.0.wav,batch9_pair14-audio1.wav
group2,9,sid2579-noisy-COSINE-3231-F_array1_81.wav,batch9_pair14-audio2.wav
group2,9,sid3114-clean-COSINE-3826-M_close_132.wav,batch9_pair15-audio1.wav
group2,9,sid3114-clean-COSINE-3826-M_close_132.wav,batch9_pair15-audio2.wav
group2,10,sid1816-anchor-COSINE-2734-M_close_91.wav,batch10_pair0-audio1.wav
group2,10,sid1816-anchor-COSINE-2734-M_close_91.wav,batch10_pair0-audio2.wav
group2,10,sid5333-noisy-COSINE-7408-M_array1_149.wav,batch10_pair1-audio1.wav
group2,10,sid5333-noisy-COSINE-7408-M_array1_149.wav,batch10_pair1-audio2.wav
group2,10,sid2579-noisy-COSINE-3231-F_array1_81.wav,batch10_pair2-audio1.wav
group2,10,sid2579-noisy-COSINE-3231-F_array1_81.wav,batch10_pair2-audio2.wav
group2,10,sid5333-noisy-COSINE-7408-M_array1_149_freqbin20_scaled10.0.wav,batch10_pair3-audio1.wav
group2,10,sid5333-noisy-COSINE-7408-M_array1_149.wav,batch10_pair3-audio2.wav
group2,10,sid4715-noisy-COSINE-6463-F_array1_69.wav,batch10_pair4-audio1.wav
group2,10,sid4715-noisy-COSINE-6463-F_array1_69_freqbin6_scaled10.0.wav,batch10_pair4-audio2.wav
group2,10,sid5333-noisy-COSINE-7408-M_array1_149_freqbin20_scaled1000.0.wav,batch10_pair5-audio1.wav
group2,10,sid5333-noisy-COSINE-7408-M_array1_149.wav,batch10_pair5-audio2.wav
group2,10,sid4715-noisy-COSINE-6463-F_array1_69.wav,batch10_pair6-audio1.wav
group2,10,sid4715-noisy-COSINE-6463-F_array1_69.wav,batch10_pair6-audio2.wav
group2,10,sid2579-noisy-COSINE-3231-F_array1_81_freqbin12_scaled1000.0.wav,batch10_pair7-audio1.wav
group2,10,sid2579-noisy-COSINE-3231-F_array1_81.wav,batch10_pair7-audio2.wav
group2,10,sid2579-noisy-COSINE-3231-F_array1_81_freqbin12_scaled0.5.wav,batch10_pair8-audio1.wav
group2,10,sid2579-noisy-COSINE-3231-F_array1_81.wav,batch10_pair8-audio2.wav
group2,10,sid5333-noisy-COSINE-7408-M_array1_149_freqbin20_scaled0.5.wav,batch10_pair9-audio1.wav
group2,10,sid5333-noisy-COSINE-7408-M_array1_149.wav,batch10_pair9-audio2.wav
group2,10,sid4715-noisy-COSINE-6463-F_array1_69.wav,batch10_pair10-audio1.wav
group2,10,sid4715-noisy-COSINE-6463-F_array1_69_freqbin6_scaled0.5.wav,batch10_pair10-audio2.wav
group2,10,sid1816-anchor-COSINE-2734-M_close_91.wav,batch10_pair11-audio1.wav
group2,10,sid1816-anchor-COSINE-2734-M_close_91_freqbin12_scaled10.0.wav,batch10_pair11-audio2.wav
group2,10,sid1816-anchor-COSINE-2734-M_close_91_freqbin12_scaled1000.0.wav,batch10_pair12-audio1.wav
group2,10,sid1816-anchor-COSINE-2734-M_close_91.wav,batch10_pair12-audio2.wav
group2,10,sid4715-noisy-COSINE-6463-F_array1_69_freqbin6_scaled1000.0.wav,batch10_pair13-audio1.wav
group2,10,sid4715-noisy-COSINE-6463-F_array1_69.wav,batch10_pair13-audio2.wav
group2,10,sid2579-noisy-COSINE-3231-F_array1_81_freqbin12_scaled10.0.wav,batch10_pair14-audio1.wav
group2,10,sid2579-noisy-COSINE-3231-F_array1_81.wav,batch10_pair14-audio2.wav
group2,10,sid1816-anchor-COSINE-2734-M_close_91.wav,batch10_pair15-audio1.wav
group2,10,sid1816-anchor-COSINE-2734-M_close_91_freqbin12_scaled0.5.wav,batch10_pair15-audio2.wav
group2,11,sid2579-noisy-COSINE-3231-F_array1_81_freqbin14_scaled1000.0.wav,batch11_pair0-audio1.wav
group2,11,sid2579-noisy-COSINE-3231-F_array1_81.wav,batch11_pair0-audio2.wav
group2,11,sid4715-noisy-COSINE-6463-F_array1_69_freqbin12_scaled10.0.wav,batch11_pair1-audio1.wav
group2,11,sid4715-noisy-COSINE-6463-F_array1_69.wav,batch11_pair1-audio2.wav
group2,11,sid4715-noisy-COSINE-6463-F_array1_69.wav,batch11_pair2-audio1.wav
group2,11,sid4715-noisy-COSINE-6463-F_array1_69.wav,batch11_pair2-audio2.wav
group2,11,sid4715-noisy-COSINE-6463-F_array1_69.wav,batch11_pair3-audio1.wav
group2,11,sid4715-noisy-COSINE-6463-F_array1_69_freqbin12_scaled1000.0.wav,batch11_pair3-audio2.wav
group2,11,sid4715-noisy-COSINE-6463-F_array1_69.wav,batch11_pair4-audio1.wav
group2,11,sid4715-noisy-COSINE-6463-F_array1_69_freqbin12_scaled0.5.wav,batch11_pair4-audio2.wav
group2,11,sid2579-noisy-COSINE-3231-F_array1_81.wav,batch11_pair5-audio1.wav
group2,11,sid2579-noisy-COSINE-3231-F_array1_81_freqbin14_scaled10.0.wav,batch11_pair5-audio2.wav
group2,11,sid5333-noisy-COSINE-7408-M_array1_149.wav,batch11_pair6-audio1.wav
group2,11,sid5333-noisy-COSINE-7408-M_array1_149_freqbin12_scaled1000.0.wav,batch11_pair6-audio2.wav
group2,11,sid2579-noisy-COSINE-3231-F_array1_81.wav,batch11_pair7-audio1.wav
group2,11,sid2579-noisy-COSINE-3231-F_array1_81.wav,batch11_pair7-audio2.wav
group2,11,sid3629-clean-COSINE-4174-F_close_72.wav,batch11_pair8-audio1.wav
group2,11,sid3629-clean-COSINE-4174-F_close_72_freqbin14_scaled10.0.wav,batch11_pair8-audio2.wav
group2,11,sid3629-clean-COSINE-4174-F_close_72.wav,batch11_pair9-audio1.wav
group2,11,sid3629-clean-COSINE-4174-F_close_72.wav,batch11_pair9-audio2.wav
group2,11,sid2579-noisy-COSINE-3231-F_array1_81.wav,batch11_pair10-audio1.wav
group2,11,sid2579-noisy-COSINE-3231-F_array1_81_freqbin14_scaled0.5.wav,batch11_pair10-audio2.wav
group2,11,sid3629-clean-COSINE-4174-F_close_72_freqbin14_scaled1000.0.wav,batch11_pair11-audio1.wav
group2,11,sid3629-clean-COSINE-4174-F_close_72.wav,batch11_pair11-audio2.wav
group2,11,sid5333-noisy-COSINE-7408-M_array1_149.wav,batch11_pair12-audio1.wav
group2,11,sid5333-noisy-COSINE-7408-M_array1_149_freqbin12_scaled10.0.wav,batch11_pair12-audio2.wav
group2,11,sid3629-clean-COSINE-4174-F_close_72_freqbin14_scaled0.5.wav,batch11_pair13-audio1.wav
group2,11,sid3629-clean-COSINE-4174-F_close_72.wav,batch11_pair13-audio2.wav
group2,11,sid5333-noisy-COSINE-7408-M_array1_149.wav,batch11_pair14-audio1.wav
group2,11,sid5333-noisy-COSINE-7408-M_array1_149.wav,batch11_pair14-audio2.wav
group2,11,sid5333-noisy-COSINE-7408-M_array1_149.wav,batch11_pair15-audio1.wav
group2,11,sid5333-noisy-COSINE-7408-M_array1_149_freqbin12_scaled0.5.wav,batch11_pair15-audio2.wav
group2,12,sid3629-clean-COSINE-4174-F_close_72_freqbin17_scaled1000.0.wav,batch12_pair0-audio1.wav
group2,12,sid3629-clean-COSINE-4174-F_close_72.wav,batch12_pair0-audio2.wav
group2,12,sid0999-noisy-COSINE-1399-F_array1_68-truncated.wav,batch12_pair1-audio1.wav
group2,12,sid0999-noisy-COSINE-1399-F_array1_68-truncated.wav,batch12_pair1-audio2.wav
group2,12,sid4715-noisy-COSINE-6463-F_array1_69.wav,batch12_pair2-audio1.wav
group2,12,sid4715-noisy-COSINE-6463-F_array1_69.wav,batch12_pair2-audio2.wav
group2,12,sid2579-noisy-COSINE-3231-F_array1_81.wav,batch12_pair3-audio1.wav
group2,12,sid2579-noisy-COSINE-3231-F_array1_81_freqbin15_scaled1000.0.wav,batch12_pair3-audio2.wav
group2,12,sid4715-noisy-COSINE-6463-F_array1_69.wav,batch12_pair4-audio1.wav
group2,12,sid4715-noisy-COSINE-6463-F_array1_69_freqbin14_scaled0.5.wav,batch12_pair4-audio2.wav
group2,12,sid2579-noisy-COSINE-3231-F_array1_81_freqbin15_scaled10.0.wav,batch12_pair5-audio1.wav
group2,12,sid2579-noisy-COSINE-3231-F_array1_81.wav,batch12_pair5-audio2.wav
group2,12,sid4715-noisy-COSINE-6463-F_array1_69_freqbin14_scaled10.0.wav,batch12_pair6-audio1.wav
group2,12,sid4715-noisy-COSINE-6463-F_array1_69.wav,batch12_pair6-audio2.wav
group2,12,sid2579-noisy-COSINE-3231-F_array1_81_freqbin15_scaled0.5.wav,batch12_pair7-audio1.wav
group2,12,sid2579-noisy-COSINE-3231-F_array1_81.wav,batch12_pair7-audio2.wav
group2,12,sid3629-clean-COSINE-4174-F_close_72.wav,batch12_pair8-audio1.wav
group2,12,sid3629-clean-COSINE-4174-F_close_72_freqbin17_scaled10.0.wav,batch12_pair8-audio2.wav
group2,12,sid0999-noisy-COSINE-1399-F_array1_68-truncated_freqbin12_scaled0.5.wav,batch12_pair9-audio1.wav
group2,12,sid0999-noisy-COSINE-1399-F_array1_68-truncated.wav,batch12_pair9-audio2.wav
group2,12,sid4715-noisy-COSINE-6463-F_array1_69_freqbin14_scaled1000.0.wav,batch12_pair10-audio1.wav
group2,12,sid4715-noisy-COSINE-6463-F_array1_69.wav,batch12_pair10-audio2.wav
group2,12,sid0999-noisy-COSINE-1399-F_array1_68-truncated_freqbin12_scaled1000.0.wav,batch12_pair11-audio1.wav
group2,12,sid0999-noisy-COSINE-1399-F_array1_68-truncated.wav,batch12_pair11-audio2.wav
group2,12,sid2579-noisy-COSINE-3231-F_array1_81.wav,batch12_pair12-audio1.wav
group2,12,sid2579-noisy-COSINE-3231-F_array1_81.wav,batch12_pair12-audio2.wav
group2,12,sid0999-noisy-COSINE-1399-F_array1_68-truncated_freqbin12_scaled10.0.wav,batch12_pair13-audio1.wav
group2,12,sid0999-noisy-COSINE-1399-F_array1_68-truncated.wav,batch12_pair13-audio2.wav
group2,12,sid3629-clean-COSINE-4174-F_close_72.wav,batch12_pair14-audio1.wav
group2,12,sid3629-clean-COSINE-4174-F_close_72_freqbin17_scaled0.5.wav,batch12_pair14-audio2.wav
group2,12,sid3629-clean-COSINE-4174-F_close_72.wav,batch12_pair15-audio1.wav
group2,12,sid3629-clean-COSINE-4174-F_close_72.wav,batch12_pair15-audio2.wav
group2,13,sid0101-clean-COSINE-0100-M_close_202-truncated.wav,batch13_pair0-audio1.wav
group2,13,sid0101-clean-COSINE-0100-M_close_202-truncated_freqbin6_scaled10.0.wav,batch13_pair0-audio2.wav
group2,13,sid0999-noisy-COSINE-1399-F_array1_68-truncated.wav,batch13_pair1-audio1.wav
group2,13,sid0999-noisy-COSINE-1399-F_array1_68-truncated_freqbin26_scaled10.0.wav,batch13_pair1-audio2.wav
group2,13,sid0999-noisy-COSINE-1399-F_array1_68-truncated_freqbin26_scaled1000.0.wav,batch13_pair2-audio1.wav
group2,13,sid0999-noisy-COSINE-1399-F_array1_68-truncated.wav,batch13_pair2-audio2.wav
group2,13,sid0101-clean-COSINE-0100-M_close_202-truncated.wav,batch13_pair3-audio1.wav
group2,13,sid0101-clean-COSINE-0100-M_close_202-truncated_freqbin6_scaled1000.0.wav,batch13_pair3-audio2.wav
group2,13,sid0999-noisy-COSINE-1399-F_array1_68-truncated_freqbin26_scaled0.5.wav,batch13_pair4-audio1.wav
group2,13,sid0999-noisy-COSINE-1399-F_array1_68-truncated.wav,batch13_pair4-audio2.wav
group2,13,sid3629-clean-COSINE-4174-F_close_72.wav,batch13_pair5-audio1.wav
group2,13,sid3629-clean-COSINE-4174-F_close_72.wav,batch13_pair5-audio2.wav
group2,13,sid4715-noisy-COSINE-6463-F_array1_69.wav,batch13_pair6-audio1.wav
group2,13,sid4715-noisy-COSINE-6463-F_array1_69.wav,batch13_pair6-audio2.wav
group2,13,sid0101-clean-COSINE-0100-M_close_202-truncated.wav,batch13_pair7-audio1.wav
group2,13,sid0101-clean-COSINE-0100-M_close_202-truncated_freqbin6_scaled0.5.wav,batch13_pair7-audio2.wav
group2,13,sid3629-clean-COSINE-4174-F_close_72_freqbin20_scaled10.0.wav,batch13_pair8-audio1.wav
group2,13,sid3629-clean-COSINE-4174-F_close_72.wav,batch13_pair8-audio2.wav
group2,13,sid3629-clean-COSINE-4174-F_close_72_freqbin20_scaled1000.0.wav,batch13_pair9-audio1.wav
group2,13,sid3629-clean-COSINE-4174-F_close_72.wav,batch13_pair9-audio2.wav
group2,13,sid4715-noisy-COSINE-6463-F_array1_69_freqbin17_scaled0.5.wav,batch13_pair10-audio1.wav
group2,13,sid4715-noisy-COSINE-6463-F_array1_69.wav,batch13_pair10-audio2.wav
group2,13,sid3629-clean-COSINE-4174-F_close_72.wav,batch13_pair11-audio1.wav
group2,13,sid3629-clean-COSINE-4174-F_close_72_freqbin20_scaled0.5.wav,batch13_pair11-audio2.wav
group2,13,sid0999-noisy-COSINE-1399-F_array1_68-truncated.wav,batch13_pair12-audio1.wav
group2,13,sid0999-noisy-COSINE-1399-F_array1_68-truncated.wav,batch13_pair12-audio2.wav
group2,13,sid4715-noisy-COSINE-6463-F_array1_69_freqbin17_scaled10.0.wav,batch13_pair13-audio1.wav
group2,13,sid4715-noisy-COSINE-6463-F_array1_69.wav,batch13_pair13-audio2.wav
group2,13,sid4715-noisy-COSINE-6463-F_array1_69_freqbin17_scaled1000.0.wav,batch13_pair14-audio1.wav
group2,13,sid4715-noisy-COSINE-6463-F_array1_69.wav,batch13_pair14-audio2.wav
group2,13,sid0101-clean-COSINE-0100-M_close_202-truncated.wav,batch13_pair15-audio1.wav
group2,13,sid0101-clean-COSINE-0100-M_close_202-truncated.wav,batch13_pair15-audio2.wav
group3,0,sid5333-noisy-COSINE-7408-M_array1_149.wav,batch0_pair0-audio1.wav
group3,0,sid5333-noisy-COSINE-7408-M_array1_149_freqbin21_scaled10.0.wav,batch0_pair0-audio2.wav
group3,0,sid3629-clean-COSINE-4174-F_close_72.wav,batch0_pair1-audio1.wav
group3,0,sid3629-clean-COSINE-4174-F_close_72.wav,batch0_pair1-audio2.wav
group3,0,sid4715-noisy-COSINE-6463-F_array1_69.wav,batch0_pair2-audio1.wav
group3,0,sid4715-noisy-COSINE-6463-F_array1_69.wav,batch0_pair2-audio2.wav
group3,0,sid1816-anchor-COSINE-2734-M_close_91.wav,batch0_pair3-audio1.wav
group3,0,sid1816-anchor-COSINE-2734-M_close_91_freqbin21_scaled1000.0.wav,batch0_pair3-audio2.wav
group3,0,sid1816-anchor-COSINE-2734-M_close_91.wav,batch0_pair4-audio1.wav
group3,0,sid1816-anchor-COSINE-2734-M_close_91_freqbin21_scaled10.0.wav,batch0_pair4-audio2.wav
group3,0,sid3629-clean-COSINE-4174-F_close_72.wav,batch0_pair5-audio1.wav
group3,0,sid3629-clean-COSINE-4174-F_close_72_freqbin21_scaled1000.0.wav,batch0_pair5-audio2.wav
group3,0,sid1816-anchor-COSINE-2734-M_close_91.wav,batch0_pair6-audio1.wav
group3,0,sid1816-anchor-COSINE-2734-M_close_91.wav,batch0_pair6-audio2.wav
group3,0,sid5333-noisy-COSINE-7408-M_array1_149.wav,batch0_pair7-audio1.wav
group3,0,sid5333-noisy-COSINE-7408-M_array1_149_freqbin21_scaled1000.0.wav,batch0_pair7-audio2.wav
group3,0,sid1816-anchor-COSINE-2734-M_close_91.wav,batch0_pair8-audio1.wav
group3,0,sid1816-anchor-COSINE-2734-M_close_91_freqbin21_scaled0.5.wav,batch0_pair8-audio2.wav
group3,0,sid4715-noisy-COSINE-6463-F_array1_69_freqbin21_scaled1000.0.wav,batch0_pair9-audio1.wav
group3,0,sid4715-noisy-COSINE-6463-F_array1_69.wav,batch0_pair9-audio2.wav
group3,0,sid4715-noisy-COSINE-6463-F_array1_69.wav,batch0_pair10-audio1.wav
group3,0,sid4715-noisy-COSINE-6463-F_array1_69_freqbin21_scaled10.0.wav,batch0_pair10-audio2.wav
group3,0,sid3629-clean-COSINE-4174-F_close_72_freqbin21_scaled0.5.wav,batch0_pair11-audio1.wav
group3,0,sid3629-clean-COSINE-4174-F_close_72.wav,batch0_pair11-audio2.wav
group3,0,sid5333-noisy-COSINE-7408-M_array1_149_freqbin21_scaled0.5.wav,batch0_pair12-audio1.wav
group3,0,sid5333-noisy-COSINE-7408-M_array1_149.wav,batch0_pair12-audio2.wav
group3,0,sid4715-noisy-COSINE-6463-F_array1_69.wav,batch0_pair13-audio1.wav
group3,0,sid4715-noisy-COSINE-6463-F_array1_69_freqbin21_scaled0.5.wav,batch0_pair13-audio2.wav
group3,0,sid5333-noisy-COSINE-7408-M_array1_149.wav,batch0_pair14-audio1.wav
group3,0,sid5333-noisy-COSINE-7408-M_array1_149.wav,batch0_pair14-audio2.wav
group3,0,sid3629-clean-COSINE-4174-F_close_72_freqbin21_scaled10.0.wav,batch0_pair15-audio1.wav
group3,0,sid3629-clean-COSINE-4174-F_close_72.wav,batch0_pair15-audio2.wav
group3,1,sid2579-noisy-COSINE-3231-F_array1_81.wav,batch1_pair0-audio1.wav
group3,1,sid2579-noisy-COSINE-3231-F_array1_81.wav,batch1_pair0-audio2.wav
group3,1,sid3114-clean-COSINE-3826-M_close_132.wav,batch1_pair1-audio1.wav
group3,1,sid3114-clean-COSINE-3826-M_close_132.wav,batch1_pair1-audio2.wav
group3,1,sid2579-noisy-COSINE-3231-F_array1_81.wav,batch1_pair2-audio1.wav
group3,1,sid2579-noisy-COSINE-3231-F_array1_81_freqbin21_scaled1000.0.wav,batch1_pair2-audio2.wav
group3,1,sid0101-clean-COSINE-0100-M_close_202-truncated_freqbin21_scaled10.0.wav,batch1_pair3-audio1.wav
group3,1,sid0101-clean-COSINE-0100-M_close_202-truncated.wav,batch1_pair3-audio2.wav
group3,1,sid0999-noisy-COSINE-1399-F_array1_68-truncated.wav,batch1_pair4-audio1.wav
group3,1,sid0999-noisy-COSINE-1399-F_array1_68-truncated.wav,batch1_pair4-audio2.wav
group3,1,sid2579-noisy-COSINE-3231-F_array1_81.wav,batch1_pair5-audio1.wav
group3,1,sid2579-noisy-COSINE-3231-F_array1_81_freqbin21_scaled10.0.wav,batch1_pair5-audio2.wav
group3,1,sid0999-noisy-COSINE-1399-F_array1_68-truncated.wav,batch1_pair6-audio1.wav
group3,1,sid0999-noisy-COSINE-1399-F_array1_68-truncated_freqbin21_scaled10.0.wav,batch1_pair6-audio2.wav
group3,1,sid0999-noisy-COSINE-1399-F_array1_68-truncated_freqbin21_scaled1000.0.wav,batch1_pair7-audio1.wav
group3,1,sid0999-noisy-COSINE-1399-F_array1_68-truncated.wav,batch1_pair7-audio2.wav
group3,1,sid0101-clean-COSINE-0100-M_close_202-truncated_freqbin21_scaled0.5.wav,batch1_pair8-audio1.wav
group3,1,sid0101-clean-COSINE-0100-M_close_202-truncated.wav,batch1_pair8-audio2.wav
group3,1,sid0101-clean-COSINE-0100-M_close_202-truncated.wav,batch1_pair9-audio1.wav
group3,1,sid0101-clean-COSINE-0100-M_close_202-truncated_freqbin21_scaled1000.0.wav,batch1_pair9-audio2.wav
group3,1,sid3114-clean-COSINE-3826-M_close_132.wav,batch1_pair10-audio1.wav
group3,1,sid3114-clean-COSINE-3826-M_close_132_freqbin21_scaled0.5.wav,batch1_pair10-audio2.wav
group3,1,sid0999-noisy-COSINE-1399-F_array1_68-truncated.wav,batch1_pair11-audio1.wav
group3,1,sid0999-noisy-COSINE-1399-F_array1_68-truncated_freqbin21_scaled0.5.wav,batch1_pair11-audio2.wav
group3,1,sid3114-clean-COSINE-3826-M_close_132.wav,batch1_pair12-audio1.wav
group3,1,sid3114-clean-COSINE-3826-M_close_132_freqbin21_scaled10.0.wav,batch1_pair12-audio2.wav
group3,1,sid0101-clean-COSINE-0100-M_close_202-truncated.wav,batch1_pair13-audio1.wav
group3,1,sid0101-clean-COSINE-0100-M_close_202-truncated.wav,batch1_pair13-audio2.wav
group3,1,sid3114-clean-COSINE-3826-M_close_132.wav,batch1_pair14-audio1.wav
group3,1,sid3114-clean-COSINE-3826-M_close_132_freqbin21_scaled1000.0.wav,batch1_pair14-audio2.wav
group3,1,sid2579-noisy-COSINE-3231-F_array1_81_freqbin21_scaled0.5.wav,batch1_pair15-audio1.wav
group3,1,sid2579-noisy-COSINE-3231-F_array1_81.wav,batch1_pair15-audio2.wav
