filename,noise,snr,distortion,type,average_mos
sid1768-clean-COSINE-2734-M_close_35.wav,"[1, -1, -1, 0, -1, -1, -1, 1, 0, 0, -1, 1, -1, -1, -1, -1, -1, 0, 1, 0, 0, 0, 0, 1, 1, 1, 1, -1, -1, 1, 0, -1, 0, 1, 0, 1, 0, 1, 0, -1, -1, 0, 0, 0, 0, 0, 0, 0, 0, 0, -1, -1, 1, -1, 1, 0, 1, -1, -1, -1, 0, 0, 0, 0, -1, 0, -1, -1, 1, -1, 1, -1, -1, -1, -1, 0, -1, 0, 0, -1, 0, 1, -1, 0, -1, 0, 0, 0, -1, -1, 0, 1, 0, 0, -1, 1, -1, -1, 0, 0, 0, 1, -1, -1, -1, -1, -1, 0, -1, 0, -1, -1, 1, 1, -1, 0, -1, -1, -1, 1, 0, -1, 0, -1, 0, -1, -1, -1, -1, -1, 1, 0, 0, -1, 0, 1, 0, -1, 0, 0, 0, 1, 0, 0, 0, -1, 0, 0, 0, 0, -1, 0, -1, -1, 0, 0, 0, 0, -1, 1, -1, 0, 0, 0, -1, -1, -1, -1, 0, 0, 1, 0, -1, 0, -1, 0, -1, -1, 1, 0, 0, 1, -1, 0, -1, 0, -1, 1, -1, -1, -1, 1, 0]","[1, 1, -1, 1, 1, -1, 1, 1, 1, 0, -1, 1, 0, 1, 1, -1, 1, 0, 1, 1, 1, 0, -1, 0, 1, 1, 1, 0, -1, -1, 1, 1, 0, 1, 0, 1, 0, 0, 0, 0, -1, 0, 1, 1, 1, 0, 0, 1, -1, 1, 1, -1, 1, 0, 1, 0, 0, 0, 1, 0, 1, 1, 0, -1, -1, 1, -1, -1, 0, -1, 1, 0, 1, 0, 1, 1, -1, 0, 1, 0, 0, 1, 0, 0, 0, 1, 0, 0, -1, -1, 0, 1, 1, 0, 1, 1, 0, -1, 0, 0, -1, 1, 1, -1, -1, 1, 1, 0, -1, 1, 0, 1, 1, 1, -1, 1, 1, -1, -1, 1, 0, 0, 0, 0, 0, 0, 0, -1, 1, -1, 1, 0, 1, 1, 0, 1, 0, 0, 0, -1, 0, 1, 0, -1, 0, 0, -1, 1, 1, 1, 1, 1, 1, 0, -1, 0, 1, 1, 1, -1, 0, 0, 0, 0, 1, 1, 1, 0, 1, 0, 0, 1, 0, 0, 0, -1, 0, 1, 0, 0, 1, 1, 1, 1, 1, 0, -1, 1, 1, 1, 0, 1, 1]","[1, -1, -1, 0, -1, -1, -1, 1, 0, 0, -1, 1, -1, -1, -1, -1, -1, -1, 1, 0, 1, -1, -1, -1, -1, -1, 1, -1, -1, -1, 0, -1, -1, -1, 0, 0, 0, 0, 0, -1, -1, -1, 0, 0, -1, -1, -1, 0, -1, -1, -1, -1, 0, -1, 1, 1, 1, -1, 0, -1, 0, 0, -1, -1, -1, 0, -1, -1, 1, -1, 1, -1, -1, -1, -1, 0, -1, -1, 0, -1, -1, 1, -1, -1, -1, 0, 0, 0, 1, -1, 0, 1, -1, 0, -1, 0, -1, -1, 0, -1, -1, 0, -1, 1, -1, 0, -1, 1, -1, 1, -1, 1, -1, -1, -1, 0, -1, -1, -1, 1, 0, 0, 0, -1, 0, -1, -1, -1, 0, -1, -1, 0, 1, 1, -1, 1, 0, 0, 1, 0, -1, 1, 0, -1, 0, -1, 0, 0, 0, -1, -1, 0, -1, -1, 0, -1, 0, 1, -1, 0, -1, 0, 0, -1, -1, -1, -1, -1, -1, 0, 1, 0, -1, -1, -1, -1, -1, -1, 1, -1, -1, -1, -1, -1, -1, -1, -1, 0, -1, -1, -1, -1, -1]","[1, -1, -1, 0, 0, -1, -1, 1, 0, 0, -1, 1, 0, 0, -1, -1, 0, 0, 1, 0, 0, 0, 0, 0, 1, 1, 0, 0, -1, 1, 0, 0, 0, 1, 0, 0, 0, 0, 0, 0, -1, 0, 0, 0, -1, -1, -1, 1, 0, 0, 0, -1, 0, 0, 0, 1, 0, 1, 0, -1, 0, 0, 0, 0, -1, 0, 0, 0, 0, -1, 1, 0, -1, -1, -1, 0, -1, 0, 0, 0, -1, 1, 0, 0, -1, 0, 0, 0, 1, -1, 0, 0, 0, 0, 0, 0, -1, 0, 0, -1, 0, 1, -1, 1, -1, 0, 1, 0, -1, 1, 0, -1, 1, -1, -1, 0, -1, -1, 0, -1, 0, 0, 0, 1, 0, -1, -1, 0, 0, 0, -1, 0, 0, 0, 0, 1, 0, -1, 0, 0, 0, 0, -1, 0, 0, 0, 0, 0, 0, 0, -1, 1, -1, -1, 0, -1, 0, 0, -1, -1, -1, -1, 0, -1, 0, -1, 0, 0, 0, 0, 0, 0, -1, 0, -1, 0, 0, -1, 0, 0, 0, 1, -1, 0, -1, 0, 0, 0, -1, 0, -1, 1, 0]",2.305
sid0795-clean-COSINE-1399-F_close_178-truncated.wav,"[1, -1, 0, 0, -1, -1, -1, 1, 0, 0, 1, -1, 0, 0, -1, -1, 1, -1, 1, 0, -1, 0, -1, 1, 1, 1, 0, -1, 0, -1, -1, -1, 0, -1, -1, 1, -1, 1, -1, -1, -1, -1, 1, 1, -1, 1, 0, -1, 1, -1, 1, 0, 1, 1, 1, -1, 0, -1, -1, -1, -1, 0, -1, -1, 1, -1, 0, -1, -1, -1, -1, -1, -1, 0, 0, -1, 0, -1, -1, 0, -1, -1, 0, -1, 1, -1, 0, 1, 0, 0, -1, 0, -1, 0, 0, 0, 0, 1, -1, 1, 0, -1, 0, 1, -1, 1, 0, 0, 1, -1, -1, -1, -1, -1, -1, -1, 1, 0, 0, 0, 1, 0, 1, -1, 0, -1, 0, -1, 0, 0, -1, 0, -1, 1, 0, -1, 1, 0, -1, -1, -1, -1, 1, 0, 0, 0, 0, -1, 0, -1, 1, 1, 0, -1, 1, 1, 0, -1, 0, 0, 0, -1, -1, 0, 1, -1, -1, 0, -1, 0, -1, 0, -1, 0, 1, 0, -1, 0, -1, 0, 1, -1, 1, 1, 1, 0, 0, -1, 0, -1, 0, -1, 1, -1, -1, 1]","[1, 1, 0, 0, 1, 1, -1, 0, 0, 0, -1, 1, 0, 1, 1, 0, -1, 0, 1, 1, 1, 0, 0, 1, 1, 1, 1, 0, 1, 0, 0, 1, 0, 0, 0, 1, -1, 0, 1, 1, 0, 0, 1, 1, 1, 0, 1, -1, 1, -1, 1, 0, 0, -1, 1, -1, 1, 1, 0, 1, -1, 0, 0, -1, 1, -1, 1, 0, 1, 0, 1, 1, -1, 0, 1, -1, 0, 1, 0, 0, -1, 0, 0, 0, 1, -1, 0, 1, 1, 0, 0, 1, 0, 0, 0, 1, 0, 1, 1, 0, 0, 1, 0, 1, -1, 1, 1, 1, 1, -1, -1, 1, -1, 1, -1, -1, -1, 0, 0, 0, 0, 0, 1, 0, 1, 1, -1, -1, 0, 0, 1, 0, 0, 0, 0, 0, 1, 0, -1, 0, 0, -1, 1, 1, 1, 1, 1, 1, -1, 0, 1, 1, 1, 1, -1, 1, 0, 0, 1, 0, 0, -1, -1, 1, 1, 1, -1, 0, -1, 1, 0, 0, 1, 0, 0, 1, -1, 0, 0, 1, 1, 1, 1, 0, 0, 1, 1, 1, 1, 1, 0, -1, 1, 1, 1, 1]","[1, -1, 0, 0, -1, -1, -1, 1, 0, -1, -1, 1, -1, -1, -1, -1, 1, 0, 1, 0, 1, 0, -1, 0, -1, -1, 0, -1, 0, -1, -1, 1, -1, -1, 0, 0, -1, 0, 0, 0, -1, -1, 1, 0, -1, 1, -1, 0, 0, -1, 1, -1, 1, -1, 1, -1, -1, 0, -1, -1, -1, 0, -1, -1, 0, -1, 0, -1, -1, -1, -1, -1, -1, -1, 0, -1, -1, -1, -1, 0, -1, -1, 0, 0, 1, -1, 0, -1, 0, 0, -1, 0, -1, 0, 0, 0, 0, 0, -1, 1, 0, -1, -1, 1, -1, 1, 0, 0, 0, -1, -1, -1, 0, -1, -1, -1, 1, -1, 0, 0, 0, 0, 0, -1, 0, -1, 0, 1, -1, -1, 1, 0, -1, 0, 0, 0, 1, 0, -1, -1, -1, -1, 0, 0, -1, -1, -1, -1, -1, -1, -1, 1, 0, -1, -1, -1, 0, 0, 0, 0, -1, -1, -1, 0, -1, -1, -1, 0, -1, 0, -1, 0, -1, 0, 1, 0, -1, 0, -1, 0, 0, -1, -1, 1, 0, 0, 0, -1, -1, 1, -1, 0, 0, -1, -1, -1]","[1, -1, 0, 0, -1, -1, -1, 1, 0, -1, -1, 1, 0, 0, 1, -1, -1, -1, 1, -1, 0, 0, -1, 0, 1, 1, 0, -1, 0, -1, 0, -1, 0, -1, 0, 0, -1, 0, -1, -1, 0, 0, 1, 1, 0, 0, 0, -1, 0, -1, 1, 0, 1, 1, 1, -1, 0, 0, 0, -1, 0, 0, 0, 0, 1, -1, 0, -1, -1, -1, -1, 0, -1, 0, 0, -1, -1, -1, 0, 0, -1, -1, 0, 0, 0, -1, 0, 1, 0, 0, 1, 1, -1, 0, 0, 0, 0, 0, -1, 1, 0, -1, 1, -1, -1, 1, 0, 0, 1, -1, -1, -1, -1, -1, -1, -1, 1, 0, 0, 0, 1, 0, 1, -1, 0, -1, 0, 1, 0, 0, -1, 0, -1, 1, 0, -1, 1, 0, -1, -1, 0, 0, 0, 0, -1, 0, 0, -1, 0, 0, -1, 0, 0, -1, -1, -1, 0, 0, 0, 0, 0, -1, -1, 0, 0, -1, -1, 0, 0, 0, 0, 0, -1, 0, 1, 0, -1, 0, -1, 0, 0, -1, 1, 1, 0, -1, -1, -1, 0, -1, 0, 0, 0, -1, 1, 0]",3.7
sid5333-noisy-COSINE-7408-M_array1_149.wav,"[-1, -1, -1, -1, -1, -1, -1, -1, -1, -1, -1, -1, -1, -1, -1, -1, -1, -1, -1, -1, 0, -1, -1, -1, -1, 1, -1, -1, -1, -1, -1, -1, -1, 0, -1, -1, -1, -1, -1, -1, -1, -1, -1, -1, -1, -1, -1, -1, -1, -1, -1, -1, -1, -1, -1, -1, 0, -1, -1, -1, 0, 0, 0, -1, -1, -1, -1, -1, -1, 0, -1, -1, -1, -1, -1, -1, -1, 0, -1, -1, -1, -1, -1, -1, -1, -1, -1, -1, -1, -1, 0, -1, -1, -1, -1, 0, -1, 1, -1, 1, 1, 1, 0, -1, -1, -1, -1, -1, -1, -1, -1, -1, -1, -1, -1, -1, -1, -1, -1, -1, 0, -1, -1, -1, -1, -1, -1, -1, -1, -1, -1, -1, -1, -1, -1, -1, -1, -1, -1, -1, -1, -1, -1, -1, -1, -1, -1, -1, -1, -1, -1, -1, -1, -1, -1, -1, -1, -1, -1, -1, -1, -1, -1, -1, -1, -1, -1, -1, -1, -1, 0, 0, 0, -1, -1, -1, -1, -1, -1, -1, -1, -1, -1, -1, -1, -1, -1, -1, -1, -1, -1, -1, 0, 0, -1, -1, -1, -1, 1, -1, -1, -1, -1, -1, 0, 0, 1, 1, -1, -1, -1, -1, 0, 0, -1, -1, -1, 1, 1, -1, -1, -1, -1, -1, -1, -1, -1, -1, -1, -1, -1, -1, -1, -1, -1, -1, -1, -1, -1, -1, -1, -1, 1, 0, -1, 1, 1, -1, -1, -1, -1, -1, -1, -1, -1, -1, -1, 1, -1, -1, 0, -1, 0, -1, -1, -1, -1, -1, -1, -1, -1, -1, -1, -1, -1, -1, -1, -1, -1, -1, -1, -1, -1, -1, -1, -1, -1, -1, -1, -1, -1, -1, -1, -1, -1, -1, -1, -1, -1, -1, -1, -1, -1, -1, -1, -1, -1, -1, -1, -1, -1, -1, -1, -1, -1, -1, -1, 0, -1, -1, -1, -1, -1, -1, -1, -1, -1, -1, -1, -1, -1, -1, -1, -1, -1, -1, 1, 1, 0, -1, 0, -1, -1, -1, -1, -1, 1, -1, -1, 0, 0, 0]","[-1, -1, -1, -1, -1, -1, -1, -1, -1, -1, 1, 1, 1, -1, -1, -1, -1, 1, -1, 1, 0, -1, -1, 1, 0, 1, -1, 1, 1, 1, 0, 1, 0, 0, 0, -1, 0, 1, 1, -1, -1, -1, -1, -1, -1, -1, -1, -1, -1, -1, -1, -1, -1, -1, -1, -1, 0, 1, 0, 0, 0, 0, 0, -1, 0, 0, -1, 0, -1, 0, 0, 0, 0, 0, 0, 0, 0, 1, 1, -1, -1, -1, -1, 1, 1, 1, -1, -1, -1, -1, -1, 0, 0, 0, -1, 0, -1, 1, -1, 1, 1, 1, 1, 0, 0, 1, 1, 0, 1, 1, -1, -1, -1, -1, -1, 1, 1, 1, 1, 0, 0, 0, 0, -1, -1, -1, -1, -1, -1, -1, -1, -1, 0, 0, 0, 0, 0, 0, 0, 0, 0, 0, 1, 0, 1, 1, -1, -1, 0, 1, 1, 1, -1, -1, 1, 0, 0, 0, 1, -1, -1, -1, -1, -1, -1, -1, -1, -1, -1, -1, 0, 0, 0, -1, -1, -1, -1, -1, -1, -1, -1, -1, -1, -1, -1, -1, -1, 1, -1, -1, -1, -1, 0, 0, 0, 0, -1, 0, 1, 0, -1, 1, 1, 1, 0, 0, 0, 1, -1, -1, -1, -1, 0, 0, -1, -1, -1, 1, 1, -1, -1, -1, -1, -1, -1, -1, -1, -1, 0, -1, -1, -1, -1, 0, 1, 1, 1, -1, -1, -1, -1, -1, -1, 0, -1, 1, 1, -1, -1, -1, 1, 0, -1, 1, 1, 1, -1, 1, 1, 0, -1, 0, 0, -1, -1, -1, -1, -1, -1, -1, -1, 0, 0, -1, 1, -1, 0, 0, 0, 0, -1, -1, -1, 0, 0, 0, 1, 1, 1, 1, 1, 1, -1, 0, -1, 0, -1, -1, -1, -1, -1, -1, -1, 0, 1, 1, 1, 1, -1, 0, 0, 1, 1, 1, 0, -1, 0, 0, -1, -1, -1, 0, -1, -1, 1, 0, 0, 0, 0, -1, 0, 0, 0, 0, 0, -1, 0, 1, 0, -1, 1, 0, 1, -1, -1, 1, -1, 1, 0, 1, -1, -1]","[-1, -1, -1, -1, -1, -1, -1, -1, -1, -1, -1, -1, -1, -1, -1, -1, -1, -1, -1, -1, 0, -1, -1, -1, -1, 1, -1, -1, -1, -1, -1, -1, -1, -1, -1, -1, 0, 1, -1, 1, -1, -1, -1, -1, -1, -1, -1, -1, -1, -1, -1, -1, -1, -1, -1, -1, -1, -1, 0, 0, -1, -1, -1, -1, -1, -1, -1, -1, -1, -1, -1, -1, -1, -1, -1, 0, -1, 0, -1, -1, -1, -1, -1, -1, -1, -1, -1, -1, -1, -1, -1, -1, -1, -1, -1, -1, -1, 1, -1, 1, 1, 1, 0, -1, -1, -1, -1, -1, -1, -1, 0, -1, -1, -1, -1, -1, -1, -1, -1, -1, -1, -1, -1, -1, -1, -1, -1, -1, -1, -1, -1, -1, -1, -1, -1, -1, -1, -1, -1, -1, -1, -1, -1, -1, -1, -1, -1, -1, -1, -1, -1, -1, -1, -1, -1, 0, -1, -1, -1, -1, -1, -1, -1, -1, 0, 0, 0, -1, -1, -1, -1, -1, -1, -1, -1, -1, -1, -1, -1, -1, -1, -1, -1, -1, -1, -1, -1, -1, -1, -1, -1, -1, -1, -1, -1, -1, -1, -1, 0, 0, -1, -1, -1, -1, 0, 0, 1, 1, -1, -1, -1, -1, -1, -1, -1, -1, -1, 1, -1, -1, -1, -1, -1, -1, -1, -1, -1, -1, -1, -1, -1, -1, -1, -1, -1, -1, -1, -1, -1, -1, -1, -1, -1, -1, -1, 0, -1, -1, -1, -1, 0, -1, 0, -1, -1, -1, -1, -1, -1, -1, -1, -1, 0, -1, -1, -1, -1, -1, -1, -1, -1, -1, -1, -1, -1, -1, -1, -1, -1, 0, 0, 0, -1, -1, -1, -1, -1, -1, -1, 0, -1, -1, -1, -1, -1, -1, 0, 0, -1, -1, -1, -1, -1, -1, -1, -1, -1, -1, -1, -1, -1, -1, -1, -1, -1, -1, -1, 0, -1, -1, -1, -1, -1, -1, -1, -1, -1, -1, -1, -1, -1, -1, -1, 1, 1, -1, 0, 1, 1, 0, -1, -1, -1, -1, -1, -1, -1, -1, -1, -1, -1, -1]","[-1, -1, -1, -1, -1, -1, -1, -1, -1, -1, -1, -1, -1, -1, -1, -1, -1, -1, 1, -1, 0, -1, -1, -1, -1, 1, -1, 0, 0, 0, -1, -1, -1, -1, -1, -1, -1, -1, -1, -1, -1, -1, -1, -1, -1, -1, -1, -1, -1, -1, -1, -1, -1, -1, 0, 0, 0, -1, -1, -1, 0, -1, 0, -1, -1, -1, -1, -1, -1, -1, -1, 0, -1, -1, -1, -1, 0, 0, -1, -1, -1, -1, -1, -1, -1, 0, -1, -1, -1, -1, -1, 0, 0, 0, -1, -1, -1, 0, -1, 1, 1, 1, 0, -1, -1, -1, -1, -1, -1, -1, 0, -1, 0, 0, 0, 0, 0, 0, 0, 0, 0, 0, 0, 0, 0, -1, -1, -1, -1, -1, 0, 0, -1, -1, -1, -1, -1, -1, -1, 0, 0, 0, 0, 0, 0, 0, 0, 0, -1, -1, -1, -1, -1, -1, -1, -1, -1, -1, 0, -1, -1, -1, -1, -1, -1, -1, -1, -1, -1, -1, 0, 0, 0, -1, -1, -1, -1, -1, 0, 0, -1, -1, -1, -1, -1, -1, 0, 0, 0, -1, -1, -1, 0, -1, -1, 0, 0, 0, 0, -1, -1, -1, -1, -1, 0, 0, 0, 1, -1, -1, -1, -1, 0, 0, -1, -1, -1, 1, 1, -1, -1, -1, -1, -1, -1, -1, -1, -1, -1, 0, -1, -1, -1, -1, -1, -1, -1, -1, -1, -1, -1, -1, 1, 0, 0, -1, 0, -1, -1, -1, 0, -1, -1, -1, -1, -1, -1, 0, -1, -1, 0, 0, 0, -1, -1, -1, -1, -1, -1, -1, -1, 0, 0, 0, 0, 0, 0, 0, 0, -1, -1, -1, -1, 0, 0, 0, -1, -1, -1, -1, -1, -1, -1, -1, -1, -1, -1, -1, -1, -1, -1, -1, -1, -1, -1, -1, -1, -1, -1, -1, -1, -1, -1, -1, -1, -1, -1, 0, -1, -1, -1, -1, -1, -1, -1, -1, -1, -1, -1, -1, -1, -1, 0, -1, -1, -1, 1, 1, 0, 0, 0, 0, -1, 0, -1, -1, -1, -1, -1, -1, -1, -1]",1.8209523809523809
sid3114-clean-COSINE-3826-M_close_132.wav,"[0, 0, 0, -1, -1, -1, -1, 0, 0, 0, 0, 1, 1, 1, 0, 0, 0, 0, 0, 0, -1, 0, 0, 0, 0, 0, -1, -1, 1, 0, 0, 0, 0, 1, 1, 1, 1, 0, 0, 0, 0, 0, 0, 0, 1, 1, 1, 0, 0, 0, 0, 0, 0, 1, 0, -1, -1, -1, -1, -1, 1, 1, 1, 0, 0, 0, 1, 1, 1, 1, 0, 0, 0, 1, 0, -1, -1, 1, 0, 0, 0, 0, 0, 1, 1, 1, 0, 1, 1, 0, 0, 0, 0, 0, -1, -1, 0, 0, 0, 0, 1, 0, 0, 0, 0, 0, 0, 0, -1, 1, 0, 1, 0, 0, 0, 0, 0, 0, 1, 1, 1, -1, 1, 1, 1, 0, -1, 0, -1, -1, -1, 1, -1, 0, 0, 0, 0, 0, 0, 1, -1, 1, 1, 0, 0, 0, 1, 0, 1, 0, -1, 0, 1, -1, -1, 1, 1, 0, 1, 1, 0, 0, -1, -1, -1, 0, 0, 0, 0, 0, 0, 1, 1, 1, 1, -1, 1, 0, 0, 0, 0, 1, 1, -1, -1, 1, 1, 0, -1, 0, 0, 0, 1, 1, 0, 0, 0, 0, 0, 0, 0, 0, 0, 1, 1, 1, 0, 0, 0, 0, 0, 0, 0, 0, 0, 1, 1, 1, 0, 1, 0, 0, 0, 0, 0, 0, 0, 0, 0, 0, 0, 0, 0, 0, 0, -1, -1, -1, -1, 0, 0, 0, 0, 0, 0, -1, -1, 0, 0, 0, 0, 0, 0, 0, 1, 1, 0, 0, -1, 1, 1, 0, 0, 0, 0, 1, 0, 0, 0, -1, 1, 0, 0, -1, 0, -1, 1, -1, 0, 0, 0, 0, 0, 0, 1, 0, 1, 0, 0, 0, -1, 0, 0, 0, 0, 0, 0, 0, 1, 1, 1, 0, 0, 1, -1, 0, 0, 0, -1, -1, -1, -1, 0, -1, -1, 1, 1, 1, 1, 1, -1, 1, 1, 1, 1]","[1, 1, 1, 1, 1, 1, 1, 0, 0, 0, 0, 0, 1, 1, 1, 0, 0, 0, 0, 0, 0, 0, 1, 1, 1, 1, 0, 1, -1, 0, 0, 0, 0, 1, 1, 1, 1, 0, 0, 0, 1, 1, 1, 1, -1, 1, 1, -1, -1, -1, -1, -1, -1, 0, 1, -1, -1, -1, -1, 1, 1, 1, 1, 0, 0, 0, 1, 1, 1, 1, 0, 0, 0, 1, 0, -1, -1, 1, 0, 0, 0, 0, 0, 0, 0, 0, 1, 1, 1, 1, 1, 1, 1, 0, 0, 0, 1, 0, 1, 0, 1, 0, 0, 1, 1, 1, 1, -1, -1, -1, -1, 1, 0, 1, 0, 0, 0, 0, 1, 1, 1, -1, 1, 1, 1, -1, 1, 0, 0, -1, -1, 1, -1, 0, 0, 0, 0, 0, 0, 1, 1, 1, 1, 0, 0, 0, 1, 1, 1, 0, 0, 0, 1, 0, 1, 1, 1, 1, 0, 0, 0, 0, 0, 0, 0, 0, 0, -1, 0, 0, 0, 1, 1, 1, 1, -1, 1, 0, 0, 1, 1, -1, 1, 1, -1, 1, 1, 0, -1, 0, 0, 0, 1, 1, -1, 0, 0, 0, 0, 0, 0, 0, 0, 1, 1, 1, 1, 1, 0, 0, 0, 0, 0, 0, 0, 1, 1, 1, 0, 1, 0, 0, 0, 0, 0, 0, 0, 0, 0, 1, 1, 1, 1, 1, 1, 1, 1, 1, 1, 1, 1, 1, 0, 0, 0, 1, 1, 1, 1, 1, 1, 1, 1, 1, 1, 1, 1, 1, 1, 1, 1, 0, 0, 0, 0, 0, 0, 0, 0, -1, -1, 1, 1, 1, 1, 1, 0, 1, 1, 1, 1, 0, 0, 0, 1, 0, 0, -1, -1, -1, 0, 0, 0, 0, 0, 0, 0, 0, 0, 1, 1, 0, 0, 0, 1, 1, 1, 1, -1, 1, 1, 1, 1, 1, 1, 1, 1, 1, 1, 1, 1, 1, 1, 1, 1]","[1, 1, 1, -1, -1, -1, -1, 0, -1, -1, -1, 0, 0, 0, 0, 0, 0, 0, 0, -1, -1, -1, -1, -1, 0, -1, 1, 1, -1, -1, -1, -1, -1, 1, 1, 1, 1, -1, -1, -1, 0, 0, 0, 0, 1, 1, 1, 0, 0, 0, 0, -1, 0, 0, 0, -1, -1, -1, -1, -1, -1, -1, -1, -1, 0, 0, 1, 1, 1, -1, -1, -1, -1, 1, 0, -1, -1, -1, -1, 0, 0, 0, 1, 1, 1, 1, 0, 1, 1, -1, -1, -1, -1, -1, -1, 0, 0, -1, 0, 0, 1, 0, 0, -1, -1, -1, -1, -1, -1, -1, -1, 0, -1, -1, 0, -1, -1, 0, 1, 1, 1, -1, 0, 0, 0, -1, -1, -1, -1, -1, -1, 1, -1, 0, 0, 0, 0, 0, 0, 0, 0, 1, 0, -1, 0, -1, 0, 0, 0, -1, -1, -1, 0, 0, -1, -1, -1, 1, 1, 1, 0, 0, -1, -1, -1, -1, -1, 0, 0, 0, 0, 0, 0, 0, 0, -1, 1, -1, -1, 0, 0, -1, 1, 1, 1, 1, 1, 0, -1, 0, 0, 0, 1, 1, 0, 0, 0, 0, 0, 0, 0, 0, 1, 1, 1, 1, 1, 1, 0, -1, -1, -1, -1, -1, -1, 1, 0, 1, 0, 1, 0, 0, 0, 0, 0, 0, 0, 0, 0, 0, 0, 0, 0, 0, 0, -1, -1, -1, -1, 0, -1, -1, 0, 0, 0, -1, -1, -1, -1, -1, 0, 0, 0, 0, 1, 1, 0, 0, -1, 1, 1, 0, 0, 0, 0, 0, 0, 0, 0, -1, -1, 0, 0, -1, -1, -1, 1, -1, 0, 0, -1, -1, -1, -1, -1, 0, 1, 0, 0, 0, 0, 0, 0, 0, 0, -1, -1, -1, -1, -1, 0, 1, -1, 1, -1, -1, -1, 0, 0, -1, -1, -1, 0, -1, 0, 0, 0, 0, 1, 1, 1, -1, -1, -1, -1]","[-1, 1, 1, 0, -1, -1, -1, 0, 0, 0, 0, 0, 0, 0, 0, 0, 0, 0, 0, 0, 0, 0, 0, 0, -1, 0, -1, -1, 1, 0, 0, 0, 0, 1, 1, 1, 1, 0, 0, 0, 0, 0, 0, 0, 1, 1, 1, 0, 0, 0, 0, 0, 0, 0, 0, 0, -1, -1, -1, 1, 1, 1, 1, 0, 0, 0, 1, 1, 1, 0, 0, 0, 0, 1, 0, -1, -1, -1, 0, 0, 0, 0, 1, 0, 1, 0, 0, 1, 1, 0, 0, 0, 0, 0, 0, 0, 0, 0, 0, 0, 1, 0, 0, 0, 0, 0, 0, 0, 0, 0, 0, 0, 0, 0, 0, 0, 0, 0, 1, 1, 1, -1, 0, 0, 0, 0, -1, 0, -1, 0, -1, 1, -1, 0, 0, 0, 0, 0, 0, 0, 1, 0, 0, 0, 0, 0, 0, 0, 0, 0, -1, 0, 0, -1, -1, -1, -1, 1, 0, 0, 0, 0, -1, -1, -1, 0, 0, -1, 0, 0, 0, 0, 0, 0, 0, -1, 1, 0, 0, 0, 0, 1, 1, 1, -1, 1, 1, -1, -1, 0, 0, 0, 1, 1, 0, 0, 0, 0, 0, 0, 0, 0, 1, 1, -1, 1, 0, 0, 0, 0, 0, 0, 0, 0, 0, 0, 0, 0, 0, 0, 0, 0, 0, 0, 0, 0, 0, 0, 0, 0, 0, 0, 0, 0, 0, 0, 0, 0, 0, 0, 0, 0, 0, 0, 0, -1, -1, 0, -1, 0, 0, 0, 0, 0, 0, 0, 0, 0, -1, 1, 1, 0, 0, 0, 0, 0, 0, 0, 0, -1, 1, 0, 0, -1, 0, -1, -1, -1, 0, 0, -1, 0, 0, 0, 0, 0, 0, 0, 0, 0, 0, 0, 0, 0, 0, 0, 0, 0, -1, -1, 0, 0, 0, 1, 0, 0, 0, 0, -1, -1, -1, -1, 0, -1, 0, 0, 0, 0, 1, -1, 1, 0, 0, 0, 0]",3.7463917525773196
sid5333-noisy-COSINE-7408-M_array1_149_freqbin4_scaled0.5.wav,"[-1, -1, -1, -1, -1, -1, -1]","[-1, -1, -1, 0, -1, 0, 0]","[-1, -1, -1, -1, -1, -1, -1]","[-1, -1, -1, -1, 0, -1, 0]",1.625
sid3114-clean-COSINE-3826-M_close_132_freqbin41_scaled10.0.wav,"[-1, 0, 0, 0]","[1, 0, 0, 0]","[1, -1, 0, 0]","[1, 0, 0, 0]",2.875
sid3629-clean-COSINE-4174-F_close_72.wav,"[1, 1, 1, 0, -1, -1, 0, 0, -1, 0, 0, 0, -1, -1, -1, -1, -1, 0, 1, 1, 0, 0, 0, 0, 0, 0, 0, 0, 1, -1, -1, -1, 1, 0, 0, 0, 1, 1, 0, 0, 0, 0, 0, 0, 0, 1, 1, 1, 1, 1, 1, 1, 0, 0, 0, 0, 0, 0, 0, 0, 1, 1, 0, 0, 0, 0, 0, 0, 0, 0, 0, 1, 0, 0, 0, 0, 0, 1, 1, 0, 0, -1, 0, 0, 1, 0, 0, 1, 1, 0, 0, 1, 0, 0, 1, -1, 0, -1, 0, 0, 1, 0, 0, -1, -1, -1, 0, 0, 0, 0, 0, 0, 0, 0, 0, 0, -1, -1, 0, 1, 1, 1, -1, -1, -1, 1, 0, -1, 1, 0, 0, 0, -1, -1, -1, 0, 0, 0, -1, -1, 1, 1, 0, 0, 0, -1, -1, -1, -1, -1, 0, 0, 0, -1, -1, 0, 0, 0, 0, 0, 0, 0, 0, 1, 1, 1, 1, -1, 0, 0, -1, 0, 0, 0, 0, 0, 0, 0, 0, 0, 1, 1, 0, 0, 0, 0, 0, 0, 0, 1, 1, 0, 0, 0, 0, 0, 1, 0, 1, 1, 1, -1, -1, 0, 0, 0, 0, 0, 0, 1, 1, 0, 0, 0, -1, 1, -1, -1, -1, 0, 0, 0, 0, 1, 1, 1, 0, -1, 0, 1, 1, 1, 0, 0, 1, 0, 0, 0, 1, 1, 1, 0, 0, 0, -1, -1, -1, -1, -1, 0, 0, 0, 0, 0, 0, 0, 0, 0, 1, 1, 0, 1, -1, 0, 0, 0, 0, 0, 0, 0, 0, 0, 0, 0, 0, 0, 0, 0, 0, 0, -1, -1, -1, 0, 0, 0, 0, 0, 0, 0, 0, 0, 0, -1, 0, 1, 1, -1, 0, 0, 0, 0, 0, 0, 0, 0, 1, 1, 1, -1, 0, 0, 0, -1, 0, 1, 0, 0, 0, -1, 1, 0, 0, 0, 0, 0, 0, 0, 0, 0, 1, 0, 1, 1, 1, 0, 0, -1, 0, 1, 1, 1, 1, 1, -1]","[1, 1, 1, 1, 1, 1, 0, 1, -1, 1, 1, 1, 1, 1, 1, 0, -1, 0, 1, 0, 0, 0, 0, 0, 1, 1, 1, 1, 0, -1, -1, 1, 1, 1, 0, 1, 1, 1, 0, 0, 0, 0, 1, 1, 1, 1, -1, 1, 1, 1, 1, 1, 0, 0, -1, -1, 1, 0, 0, 0, -1, -1, -1, 0, 0, 0, 0, 0, 1, 1, 1, 0, 0, 0, 1, 1, 1, 1, 1, 0, -1, 0, 0, 1, 1, 1, 1, 1, 1, 0, 0, 1, 1, 1, 1, -1, 0, -1, -1, 1, 0, 0, 1, 1, 1, 1, 1, 1, 1, 1, 1, 1, -1, 0, 1, 1, -1, -1, -1, 1, 1, 1, -1, -1, 1, 1, 1, 1, 1, 0, 0, -1, 1, 1, 1, 1, 1, 1, 1, -1, 1, 1, -1, -1, 0, -1, -1, -1, -1, -1, -1, -1, 0, -1, -1, 0, 0, 0, 0, 0, 0, 0, 0, 1, 1, 1, 1, -1, 0, 0, 0, 0, 1, 1, 0, 0, -1, 1, 1, 1, 1, 1, 0, 0, 0, 0, 0, 0, 0, 1, 1, -1, -1, -1, 0, 0, 0, 1, 1, 1, 1, -1, -1, 1, 1, 1, 0, 0, 0, 1, -1, 0, 0, 0, 1, 1, 1, -1, -1, 0, 0, 0, 0, 1, 1, 1, 0, -1, 0, 1, 1, 1, 0, -1, 0, 1, 1, 1, 1, 1, 1, 0, 0, 0, 1, 1, 1, 0, 0, 0, 0, 0, 0, 0, 0, 0, 0, 0, 1, 1, 0, 1, -1, 0, 0, 0, 0, 0, 0, 0, 0, 1, 1, 0, 0, 0, 0, 1, 1, 1, 1, 1, 1, 1, 1, 1, 0, 0, 0, 0, 1, 1, 1, 1, 0, 0, 1, 0, 1, 1, 1, 1, 1, 1, 1, 1, 1, 1, 1, 0, 0, 0, 0, 1, 1, 1, 1, 1, 0, 0, 1, 1, 1, 1, 1, 0, -1, -1, 0, 1, 1, 1, 1, 0, 0, 0, 1, 1, 1, 1, 1, 1, 1, 1, 1]","[1, 1, 1, 0, 0, -1, 0, 0, -1, 0, 0, 0, -1, -1, -1, -1, -1, 0, 1, -1, -1, -1, -1, 0, -1, 0, 0, 0, 1, 1, 1, 1, 0, 0, 0, 1, 1, 1, 0, 0, 0, 0, 0, 0, 0, -1, -1, 0, 1, 1, 1, 0, 1, 0, 0, 0, 0, -1, -1, -1, -1, 1, 0, -1, -1, 0, 0, 0, 0, 0, 0, 0, 1, 0, 0, 0, 0, 0, 0, 0, -1, -1, 0, 0, -1, -1, 1, 1, 0, 0, 0, 1, 0, 0, 0, -1, 0, -1, 0, 1, 1, 1, -1, -1, -1, -1, 0, 0, 0, 0, 0, 0, 0, 0, 0, 0, -1, -1, -1, 0, 0, 0, -1, -1, -1, 1, 0, -1, 1, 0, 0, -1, -1, -1, -1, 0, 0, -1, -1, -1, 1, 1, 0, 0, -1, -1, -1, -1, -1, -1, 0, -1, 0, -1, -1, 0, 0, 0, 0, 0, 0, 0, 0, 1, 1, 0, 1, -1, 0, 0, -1, -1, -1, 0, 0, -1, 0, 0, 0, 0, 0, 0, 0, -1, 0, 0, 0, 0, 0, 1, 1, 0, 0, 0, -1, 0, -1, -1, 0, 1, 1, -1, -1, 0, 0, 0, 0, 0, 0, 1, 1, 0, -1, 0, -1, 0, -1, -1, -1, 0, 0, 0, 0, 0, 0, 0, 0, -1, 0, 1, 0, 1, 0, 0, 0, 0, -1, 0, 1, 1, 0, 0, 0, 0, 0, 0, 1, 0, -1, -1, -1, 0, 0, 0, 0, 0, 0, 0, 1, 1, 0, 1, -1, -1, -1, 0, 0, 0, 0, 0, 0, 0, 0, -1, 0, 0, 0, 0, 0, 0, -1, -1, -1, 0, 0, -1, 0, 0, 0, 0, -1, -1, 1, -1, 0, 0, 0, 0, 0, 0, 0, 0, 0, 0, 0, 0, 0, 0, 0, 0, -1, -1, 0, -1, 0, 1, 0, 1, -1, 0, 0, -1, -1, 0, 0, -1, -1, -1, 0, 0, 0, 0, 0, 0, 0, -1, 0, 0, 0, 0, 0, 0, 0, -1, 1]","[1, 1, 1, 0, -1, -1, 0, 0, -1, 0, 0, 0, -1, -1, -1, -1, -1, 0, 1, 0, 0, 0, 0, 0, 0, 0, 0, 0, -1, -1, 1, -1, 0, 0, 0, 0, 0, 0, 0, 0, 0, 0, 0, 0, 0, 1, 1, 1, 1, 1, 1, 0, 0, 0, 0, 0, 0, 0, 0, 0, 1, 1, 0, 0, 0, 0, 0, 0, 1, 0, 0, 0, 0, 0, 0, 0, 0, 0, 1, 0, 0, 0, 0, 0, 0, 0, 0, 0, 0, 0, 0, 1, 0, 0, 0, -1, 0, -1, 0, 0, 1, 0, 1, 0, 0, 0, 0, 0, 0, 0, 0, 0, 0, 0, 0, 0, 0, 0, 0, 0, 0, 0, 0, 0, -1, 1, 0, 0, 1, 0, 0, 0, -1, -1, -1, 0, 0, 0, 0, 1, 1, 1, 0, 0, 0, -1, -1, -1, -1, 0, 0, 0, 0, -1, -1, 0, 0, 0, 0, 0, 0, 0, 0, 1, 0, 0, 0, -1, 0, 0, 0, 0, 0, 0, 0, 0, 0, 0, 0, 0, 0, 0, 0, 0, 0, 0, 0, 0, 0, 0, 0, 0, 0, 0, 0, -1, 0, 0, 0, 1, 1, -1, -1, 0, 0, 0, 0, 0, 0, 1, 1, 0, -1, 0, -1, 1, -1, -1, -1, 0, 0, 0, 0, 0, 0, 1, 0, -1, 0, 1, 0, 1, 0, 0, 0, 0, -1, 0, 1, 0, 0, 0, 0, 0, 0, 0, 0, -1, 0, 0, 0, 0, 0, 0, 0, 0, 0, 0, 0, 0, 0, 0, -1, 0, 0, 0, 0, 0, 0, 0, 0, 0, 0, 0, 0, 0, 0, 0, 0, 0, 0, 0, 0, 0, 0, 0, 0, 0, 0, 0, -1, 0, 0, 0, 0, 0, 0, 0, 0, 0, 0, 0, 0, 0, 0, 0, 0, 0, 0, 0, 0, 0, 0, -1, 0, 1, 0, 0, -1, -1, 0, 0, 0, 0, 0, 0, 0, 0, 0, -1, 0, 0, 0, 0, 0, 0, 0, -1, 0, 0, 0, 0, 1, 1, 1]",4.029090909090909
sid3629-clean-COSINE-4174-F_close_72_freqbin2_scaled0.5.wav,"[1, -1, 0, 0, 0, 0, 1, -1]","[1, 1, 0, 1, 0, 1, 1, -1]","[1, -1, 0, 0, 0, 0, 0, -1]","[1, -1, 0, 0, 0, 0, 0, 0]",4.25
sid3629-clean-COSINE-4174-F_close_72_freqbin41_scaled0.5.wav,"[0, 1, 0, 0]","[-1, 1, 0, 0]","[0, 0, 0, 0]","[0, 0, 0, 0]",4.0
sid4715-noisy-COSINE-6463-F_array1_69.wav,"[-1, -1, -1, -1, -1, -1, -1, -1, -1, -1, -1, -1, -1, -1, -1, -1, -1, -1, -1, -1, -1, -1, -1, -1, -1, -1, -1, -1, -1, -1, -1, -1, -1, -1, -1, -1, -1, -1, 0, 0, 1, 0, -1, 0, 0, 0, -1, -1, -1, -1, -1, -1, -1, -1, -1, -1, 0, 0, 1, -1, -1, -1, -1, -1, -1, 1, -1, -1, -1, -1, -1, -1, -1, -1, -1, -1, 0, -1, -1, -1, -1, -1, -1, -1, -1, -1, -1, -1, -1, -1, -1, 0, -1, 0, -1, -1, -1, -1, -1, -1, -1, -1, -1, -1, -1, -1, -1, -1, -1, -1, -1, -1, -1, -1, -1, -1, -1, 1, 1, 1, -1, -1, -1, -1, -1, -1, -1, -1, 1, -1, -1, 0, 0, -1, -1, -1, -1, -1, -1, 1, 0, 0, -1, -1, -1, -1, -1, 1, 1, 1, -1, -1, -1, 0, 0, 0, -1, -1, -1, -1, -1, -1, -1, -1, 1, 1, -1, 0, -1, -1, -1, -1, -1, -1, -1, -1, -1, -1, -1, -1, -1, -1, 1, 1, 0, 0, 0, 0, -1, -1, -1, 0, -1, 0, 0, -1, -1, -1, -1, -1, -1, -1, -1, -1, -1, -1, -1, -1, -1, -1, -1, -1, -1, -1, 0, -1, -1, -1, -1, -1, -1, -1, 0, -1, -1, -1, -1, 0, -1, 0, 0, 0, -1, -1, -1, -1, -1, -1, -1, -1, -1, -1, -1, -1, 0, 0, 0, 0, -1, -1, -1, -1, -1, -1, -1, -1, -1, -1, -1, -1, 0, 0, -1, 1, 0, 1, -1, -1, -1, -1, -1, -1, -1, -1, -1, 1, 1, -1, -1, 1, -1, -1, -1, -1, -1, -1, 0, -1, 0, 0, -1, -1, 0, 0, -1, -1, -1, -1, -1, -1, -1, -1, -1, -1, -1, -1, -1, -1, -1, -1, -1, -1, -1, 0, -1, -1, -1, -1, -1, -1, -1, -1, -1, -1, -1, -1, -1]","[-1, -1, 1, 1, -1, -1, -1, -1, -1, -1, 1, 0, -1, 0, -1, -1, -1, 0, -1, -1, -1, -1, -1, -1, -1, -1, -1, -1, 1, 0, 1, -1, 1, -1, 1, -1, -1, 1, 0, 0, 1, 0, 1, 1, -1, -1, -1, -1, -1, -1, -1, -1, 0, 0, 0, 0, 0, 0, 0, 0, 1, 1, -1, -1, -1, 1, -1, 0, 0, 0, 1, 0, 1, -1, -1, 1, 1, 1, -1, -1, 0, -1, -1, -1, -1, 0, -1, -1, -1, 0, -1, -1, 0, 0, -1, -1, -1, -1, -1, -1, -1, -1, -1, -1, -1, -1, -1, -1, -1, -1, -1, -1, 1, 1, 1, 1, 1, 1, 1, 1, -1, -1, -1, 0, -1, -1, -1, -1, 1, 1, -1, 0, -1, -1, -1, -1, -1, -1, 1, 1, 0, 0, -1, 0, -1, -1, -1, 1, 0, 1, -1, -1, -1, 0, 0, 0, -1, 1, 1, 1, 0, 0, 0, 0, 1, 1, -1, 0, -1, -1, -1, -1, 0, -1, -1, -1, 0, -1, 1, -1, -1, -1, 1, 1, -1, -1, 0, 0, 1, 1, 1, -1, -1, -1, 0, 0, 0, 0, -1, -1, -1, 1, 0, 0, 0, 0, -1, 1, 1, -1, -1, -1, -1, 0, -1, -1, -1, 0, 0, 1, -1, -1, -1, -1, 0, 0, 1, 1, 1, 1, 1, 1, -1, 0, 0, 0, -1, 1, 1, 1, 0, 0, 0, -1, 0, 0, 0, 0, -1, -1, -1, 0, 0, 0, 0, 1, 1, 1, 1, -1, -1, 0, 0, 1, 0, 1, 0, -1, -1, 0, 1, 1, 1, 1, -1, 1, 1, -1, 0, 0, 0, -1, 1, 1, 1, 0, 0, 0, 1, 0, 0, 1, 1, 1, -1, -1, -1, -1, -1, -1, -1, -1, -1, -1, 0, -1, -1, -1, -1, -1, -1, 0, 0, 1, -1, -1, -1, -1, -1, -1, -1, -1, -1, -1, -1, -1, -1]","[-1, -1, -1, -1, -1, -1, -1, -1, -1, -1, -1, -1, -1, 0, -1, -1, 0, -1, -1, -1, -1, -1, -1, -1, -1, -1, -1, 0, 0, -1, -1, -1, -1, -1, 0, -1, -1, -1, 0, 0, 0, 0, -1, 0, -1, 0, -1, -1, -1, -1, -1, -1, -1, -1, -1, -1, 1, -1, 0, -1, -1, -1, 0, 0, 0, 0, -1, -1, -1, -1, -1, -1, -1, -1, -1, -1, 0, -1, -1, 0, 0, 0, 0, 0, 0, 1, -1, -1, -1, -1, -1, -1, 0, -1, 0, 0, 0, 0, -1, -1, -1, -1, 0, -1, -1, -1, -1, -1, -1, -1, -1, -1, -1, -1, -1, -1, -1, 1, 1, 1, -1, -1, -1, -1, -1, -1, -1, -1, -1, -1, -1, -1, -1, -1, -1, -1, -1, -1, -1, 0, -1, -1, -1, -1, -1, -1, -1, -1, 1, 1, -1, -1, -1, -1, 0, 0, -1, -1, -1, -1, -1, -1, -1, 0, -1, 0, -1, 0, -1, -1, -1, -1, 0, 0, 0, -1, -1, -1, -1, -1, -1, -1, -1, -1, -1, -1, 0, 0, 0, 0, 0, 0, 0, 0, -1, -1, 0, -1, -1, -1, -1, -1, -1, -1, -1, -1, 0, 0, 0, -1, -1, -1, -1, -1, -1, 0, -1, -1, 0, 0, -1, -1, -1, -1, -1, -1, -1, -1, 0, 0, -1, -1, -1, 0, -1, -1, -1, 0, -1, -1, -1, -1, -1, -1, -1, 0, 0, 0, -1, -1, -1, -1, -1, -1, -1, -1, -1, -1, -1, 0, 0, -1, -1, 1, 0, 1, 0, 0, 0, 0, -1, 0, 0, -1, -1, 1, 1, -1, -1, 1, 0, -1, -1, -1, -1, -1, -1, -1, -1, 1, -1, 0, -1, -1, -1, -1, -1, -1, -1, -1, -1, -1, -1, -1, -1, -1, -1, -1, -1, -1, -1, -1, 0, -1, -1, -1, -1, 0, -1, -1, -1, -1, -1, -1, -1, -1, -1]","[-1, -1, -1, -1, -1, -1, -1, -1, -1, -1, -1, -1, -1, 0, -1, -1, -1, -1, -1, -1, -1, -1, -1, -1, -1, -1, -1, -1, -1, -1, -1, 0, 0, 0, 0, -1, -1, -1, 0, 0, 1, -1, -1, 0, 0, 0, 0, -1, 0, 0, -1, -1, -1, -1, -1, -1, 0, 0, 0, -1, -1, -1, 0, -1, -1, 0, -1, -1, -1, -1, 1, 1, -1, 1, 0, 0, 0, 0, 0, -1, -1, -1, -1, 0, 0, -1, -1, -1, -1, 0, 0, 0, 0, 0, 0, 0, -1, -1, -1, -1, -1, 0, -1, 0, 0, -1, -1, -1, -1, -1, -1, -1, -1, -1, -1, -1, -1, 1, 1, 1, -1, -1, -1, -1, -1, -1, -1, -1, -1, -1, -1, 0, -1, -1, -1, -1, -1, 0, -1, 0, 0, -1, -1, 0, -1, -1, -1, -1, 0, 1, -1, -1, -1, -1, 0, 0, -1, 0, -1, -1, -1, -1, -1, -1, -1, 0, -1, 0, -1, -1, -1, -1, 0, 0, 0, -1, 0, -1, -1, -1, -1, -1, -1, -1, 0, 0, 0, 0, -1, -1, -1, 0, -1, -1, 0, -1, -1, -1, -1, -1, -1, -1, -1, -1, -1, -1, -1, -1, -1, -1, -1, -1, -1, -1, -1, -1, -1, -1, -1, -1, -1, -1, 0, -1, -1, 0, -1, 0, 0, 1, 0, -1, -1, -1, -1, -1, -1, -1, -1, -1, -1, 0, 0, -1, 0, 0, 0, 0, -1, -1, -1, 0, -1, -1, -1, -1, -1, -1, -1, -1, 1, 0, -1, 1, 0, 1, -1, -1, -1, -1, -1, -1, -1, -1, -1, 1, 1, -1, -1, 1, -1, -1, -1, -1, 0, -1, -1, -1, -1, 1, -1, -1, 0, 0, -1, -1, -1, -1, -1, -1, -1, -1, -1, -1, -1, -1, -1, -1, -1, -1, -1, -1, 0, -1, -1, -1, -1, -1, -1, -1, -1, -1, -1, -1, -1, -1, -1]",2.318
sid5333-noisy-COSINE-7408-M_array1_149_freqbin3_scaled0.5.wav,"[-1, -1, -1, -1]","[-1, 0, 0, -1]","[-1, -1, -1, -1]","[-1, -1, -1, -1]",1.5
sid0999-noisy-COSINE-1399-F_array1_68-truncated.wav,"[-1, -1, -1, -1, 0, 0, -1, 0, -1, -1, -1, 0, -1, -1, 0, 0, 0, 0, 0, 0, 0, 1, 1, 1, 1, -1, -1, -1, -1, 0, 0, 0, 0, 1, 1, -1, -1, 0, 0, -1, -1, -1, -1, -1, -1, 1, -1, -1, -1, 0, -1, 1, 1, 0, 0, 0, 0, -1, -1, -1, -1, 0, 0, 0, 0, 1, 1, 0, 0, -1, -1, 0, 1, 1, 1, -1, -1, 1, 1, -1, -1, -1, 0, 0, 0, 0, 0, 0, -1, -1, -1, -1, -1, 0, -1, 0, 0, 0, -1, -1, -1, -1, -1, 0, -1, -1, -1, 0, 0, -1, -1, -1, -1, -1, -1, -1, -1, 0, -1, 1, 1, 0, -1, -1, -1, -1, -1, -1, -1, -1, -1, -1, -1, -1, 0, 0, -1, -1, -1, -1, 0, 0, 0, 0, -1, 0, 0, 0, -1, -1, -1, -1, 0, 1, 0, 1, 1, 1, 0, 1, 1, -1, -1, -1, -1, 0, 0, 0, 1, 1, 1, 1, 0, 0, 0, 0, 0, 0, 0, 0, 1, -1, -1, -1, -1, -1, -1, 1, -1, -1, 0, -1, 0, 0, -1, -1, 0, 1, 0, 0, 0, 0, -1, 1, 1, 1, 1, 0, 0, 0, 0, 0, 1, 0, 0, 0, 1, 0, 0, 0, 0, 1, 0, 1, -1, -1, -1, 0, 0, 0, 0, 0, 0, 0, 1, 0, 1, -1, -1, -1, 0, 0, 0, -1, -1, -1, -1, -1, -1, -1, -1, -1, -1, -1, -1, -1, -1, -1, -1, -1, -1, -1, -1, -1, -1, -1, -1, -1, -1, -1, -1, -1, -1, 0, -1, 0, 0, 0, 0, 0, 0, 0, 0, 0, 0, 1, -1, 1, -1, -1, -1, -1, -1, -1, -1, 1, 0, -1, 1, 1, 1, 1, -1, -1, -1, -1, -1, -1, -1, -1, -1, -1, -1, -1, -1, -1, -1, -1, 1, 1, 1, 1, -1, -1, -1, -1, -1, -1, -1]","[1, 1, 1, 1, 1, 0, -1, 0, -1, -1, -1, 0, 1, 1, 0, 0, 0, 0, 0, 0, 0, 0, 1, 1, 1, 0, 0, 0, 0, 0, -1, 0, 0, 1, 1, -1, -1, 0, 1, 1, 1, 1, 1, 1, 1, 1, 1, 1, -1, -1, 1, -1, 1, 1, 1, 1, 1, 0, 0, 0, 0, 0, 0, 0, 0, 1, 1, 0, 0, 0, 0, -1, 1, 1, 1, 1, 1, 1, 1, -1, -1, 0, 1, 0, 0, 1, 1, 1, 1, 0, 1, -1, 1, 1, 1, 1, 1, 1, -1, -1, -1, -1, -1, 0, 0, 0, 0, 0, 0, 1, 1, 1, -1, 1, -1, 1, 1, 1, 1, 1, 1, 1, 1, 0, 0, 1, 1, 1, 1, -1, -1, 0, 0, -1, 0, 0, 1, 1, 1, 1, 0, 0, 0, 0, 0, 0, 0, 0, 0, -1, -1, -1, 0, 0, 1, 0, 0, 1, 0, 1, 1, 0, -1, -1, -1, 0, 0, 1, 1, 1, 1, 1, 1, 1, 1, 1, 1, 0, -1, 0, 1, 1, -1, 1, -1, 1, -1, 1, 1, -1, 0, 0, 0, 1, -1, -1, 0, -1, 0, 0, 0, 0, 0, 1, 1, 1, 1, 0, 0, 0, 0, 1, 0, 0, 0, 0, 1, 1, 1, 1, 1, -1, 1, 1, 0, 0, 0, -1, 0, 0, 0, 0, 0, 0, 1, 0, 1, 0, 0, 0, -1, -1, -1, 0, 0, 1, 1, 1, 1, 1, 1, 1, 1, -1, 0, 0, 0, -1, -1, 1, -1, 1, 1, 1, 1, -1, -1, -1, -1, -1, -1, -1, -1, 0, 1, 1, 1, 1, 0, 0, 0, 0, 0, 0, 0, 1, -1, 1, 0, 1, 1, 1, 1, 1, 1, -1, 0, 0, 1, 0, 1, 1, 0, 0, 0, 0, 0, 0, 0, 0, 0, 0, 0, 0, 0, 0, 0, 0, 1, 1, 1, 1, -1, -1, 1, 1, 1, 1, 1]","[-1, -1, -1, -1, 0, 0, -1, 0, -1, -1, -1, 0, 0, -1, -1, 0, 0, 0, 1, 0, 0, 1, 1, 1, 1, -1, -1, -1, -1, -1, -1, 0, -1, -1, -1, -1, -1, 0, 0, -1, 0, 0, 0, 0, 0, -1, -1, 1, -1, 0, -1, -1, -1, 0, 0, 0, 0, -1, -1, -1, -1, 0, 0, 0, 1, 0, 0, 0, -1, -1, -1, 0, 0, 1, 0, -1, -1, -1, -1, -1, -1, 0, 0, -1, 0, 0, 0, 0, -1, -1, -1, -1, -1, -1, -1, -1, -1, -1, -1, -1, -1, -1, -1, 0, -1, 0, -1, -1, -1, -1, -1, -1, -1, 0, -1, -1, -1, 0, 1, 0, -1, -1, -1, -1, -1, -1, -1, -1, -1, -1, -1, 0, 0, -1, 0, 0, -1, -1, -1, -1, 0, 0, 0, 0, -1, 0, 0, 0, 0, -1, 0, 0, 1, 1, 0, 1, 0, 1, 0, 1, 1, -1, -1, -1, -1, -1, -1, -1, 0, 0, 0, 1, 0, 0, 0, 0, 0, 0, 0, -1, 1, -1, 1, 1, -1, -1, -1, 1, -1, -1, -1, 0, 0, 0, -1, -1, 0, 1, -1, -1, 0, -1, -1, 0, 0, 0, 0, 0, 0, 0, 0, 0, 1, 0, 0, 0, 1, 0, -1, -1, 0, 1, 1, 1, -1, -1, -1, 0, 0, 0, -1, -1, -1, -1, 1, 0, 1, 0, -1, 0, 0, 0, -1, 0, -1, -1, -1, -1, -1, -1, -1, -1, -1, -1, -1, -1, -1, 0, -1, -1, -1, -1, -1, 0, -1, -1, -1, -1, -1, -1, -1, -1, -1, -1, 0, -1, 0, 0, 0, 0, -1, 0, 0, 0, 0, 1, -1, 1, -1, -1, -1, 0, -1, -1, 1, 1, 1, -1, 1, 1, 1, 1, -1, -1, -1, -1, -1, -1, -1, -1, -1, -1, -1, -1, -1, -1, -1, -1, 0, 0, 0, 0, -1, -1, -1, -1, -1, -1, -1]","[-1, -1, -1, -1, 0, 0, -1, 0, -1, -1, -1, 0, -1, -1, -1, 0, 0, 0, 0, 0, 0, 1, 1, 0, 1, 0, 0, 0, 0, -1, 0, 0, 0, 1, 1, -1, -1, 0, 0, -1, 0, 0, 0, 0, 0, 1, 1, 1, -1, 0, 1, 1, -1, 0, 0, 0, 0, -1, -1, -1, -1, -1, 0, -1, 0, 0, 0, 0, 0, 0, 0, 0, 0, 0, 1, -1, -1, 0, -1, -1, -1, -1, 1, 0, 1, 1, 1, 1, 0, 0, 0, -1, 0, 0, 0, 0, 0, 0, -1, -1, -1, 0, -1, 0, 0, -1, 0, 0, 0, -1, -1, -1, -1, 0, -1, -1, -1, -1, -1, 0, -1, 0, -1, -1, -1, 0, 0, 0, 0, -1, -1, -1, -1, -1, 0, 0, -1, -1, -1, -1, 0, 0, 0, 0, -1, -1, -1, -1, -1, -1, -1, -1, 0, 0, 0, 1, 0, 1, 0, 1, 1, -1, -1, -1, -1, 0, -1, 0, 0, 0, 0, 1, 1, 0, 0, 0, 0, 0, -1, 0, 1, -1, 1, -1, -1, -1, -1, 1, -1, -1, 0, -1, 0, 0, -1, -1, 0, 1, 0, 0, 0, 0, 0, 1, -1, -1, 0, 0, 0, 0, 0, 0, 0, 0, 0, 0, 1, 0, 0, 0, 0, -1, 0, -1, -1, -1, -1, 0, -1, -1, 0, 0, 0, 0, 0, 0, 0, 1, -1, -1, 0, 0, 0, -1, -1, -1, -1, -1, 0, 0, 0, -1, 0, -1, 0, -1, -1, -1, -1, -1, -1, -1, -1, -1, -1, -1, -1, -1, -1, -1, -1, -1, -1, 0, 0, 0, 0, 0, 0, 0, 0, 0, 0, 0, 0, 1, -1, 1, -1, -1, -1, -1, -1, 1, 1, -1, 0, 0, 1, 0, 1, 1, 0, -1, -1, 0, 0, -1, -1, -1, -1, 0, 0, 0, 0, 0, 0, 0, 0, 1, 1, 1, -1, -1, -1, -1, -1, -1, -1]",3.3849462365591396
sid0101-clean-COSINE-0100-M_close_202-truncated.wav,"[-1, -1, -1, -1, -1, 0, -1, -1, -1, 0, 1, -1, 0, 0, -1, -1, -1, -1, -1, 0, -1, -1, -1, 1, 1, 0, -1, 0, -1, -1, -1, -1, -1, -1, -1, 1, 1, 1, 1, 1, 1, 1, 1, 1, 0, -1, -1, 0, 0, 1, 0, 0, 0, 0, -1, -1, -1, -1, -1, -1, -1, 0, 1, 0, 1, 1, 0, 0, -1, 0, -1, 1, -1, 1, -1, -1, -1, -1, -1, -1, -1, -1, -1, 0, 0, -1, -1, -1, -1, -1, -1, -1, 0, 1, 1, -1, -1, -1, -1, 0, 0, 1, -1, 0, -1, -1, 0, -1, 0, 1, 1, 1, 1, -1, -1, -1, 0, 0, 0, 0, 1, 0, 0, -1, -1, 0, -1, -1, -1, -1, -1, -1, -1, -1, 0, -1, 0, -1, -1, -1, -1, -1, -1, 0, 0, 0, 0, -1, -1, -1, -1, -1, -1, 0, -1, 0, 0, 0, -1, -1, -1, -1, -1, -1, -1, -1, 0, 0, 0, 0, 0, -1, -1, -1, -1, -1, -1, -1, 1, 1, 0, -1, -1, -1, -1, 1, 0, 1, -1, -1, -1, 0, -1, -1, 1, 1, -1, 0, 1, 1, 1, 0, 0, -1, -1, -1, 0, 1, -1, 0, -1, 0, 0, -1, -1, -1, -1, -1, -1, -1, 0, -1, 0, 0, 1, 0, 1, 0, 1, 0, 0, 0, -1, 1, -1, -1, -1, -1, 1, -1, 0, -1, 0, 0, 0, 0, -1, -1, -1, -1, -1, -1, -1, 1, 1, -1, 0, 0, 0, 1, 1, -1, -1, 0, -1, -1, 0, 0, -1, 0, 0, -1, -1, -1, 0, 0, -1, -1, -1, -1, -1, -1, -1, -1, -1, -1, 0, 0, -1, -1, 0, 0, -1, -1, -1, -1, -1, -1, -1, -1, -1, -1, -1, -1, -1, -1, -1, -1, -1, 0, 0, -1, -1, -1, -1, -1, 1, -1, -1, -1, -1, 1, -1, 0, 0, -1, -1, -1, -1, -1, -1, 0, -1, -1, -1, -1, 1, -1, 1, 1, 1, -1, 0, 0, 0, -1, 0, 0, 0, 0, 0, 0, 0, 0, 0, 0, -1, -1, -1, -1, -1, -1, -1, -1, -1, -1, -1, -1, -1, -1, 0, -1, 0, 0, -1, 0, 0]","[0, -1, 1, -1, 1, 1, -1, -1, 0, 0, 0, -1, 0, 0, -1, -1, 0, 1, 1, 1, 0, 1, 1, 0, -1, 1, 1, 0, 1, 1, 1, 1, 1, 1, 1, 1, 1, 1, 1, 1, 1, 1, 1, 0, 0, 0, 1, 0, 0, 0, 0, 0, 0, 0, -1, -1, -1, -1, -1, -1, -1, 0, 0, 1, 0, 0, 1, 0, -1, 0, -1, 1, -1, 1, -1, -1, -1, -1, -1, -1, -1, -1, -1, -1, -1, -1, -1, -1, -1, -1, -1, -1, 0, 0, 0, -1, -1, 1, 1, 1, 1, 1, 1, 1, 1, -1, 1, 1, 1, 1, 1, 1, 1, 0, 1, 0, 0, 0, 0, 0, 0, 0, 0, 0, 0, 0, -1, 0, 0, 0, 0, -1, -1, -1, -1, 0, 0, -1, 0, 0, -1, 0, 0, -1, 1, 1, 1, -1, -1, 0, -1, -1, -1, 0, -1, 0, 0, 0, 0, -1, 0, 0, -1, -1, 1, 1, 1, 1, 1, 1, 1, -1, -1, -1, -1, -1, -1, 1, 0, 1, 1, 0, 0, 0, 0, 1, 0, 1, -1, -1, -1, 0, -1, -1, -1, 0, 1, 1, 1, 1, 1, 0, 0, -1, -1, -1, 0, -1, -1, 0, 0, 0, -1, -1, -1, -1, -1, -1, -1, 0, 0, 0, 0, 0, 1, 0, 1, 0, 0, -1, -1, 0, 1, 1, -1, -1, 1, -1, 1, -1, 0, 1, 0, 1, 1, 1, 0, -1, 0, -1, 0, 0, 0, 0, 0, 0, 0, 0, 0, 0, 0, -1, 0, 0, 0, -1, 0, 0, 0, 0, 0, 0, 0, 0, -1, 0, 0, 1, 1, 1, 1, 1, 1, 1, 1, 1, 0, 0, 1, -1, 0, -1, 0, -1, 0, 0, 0, 0, 0, -1, -1, -1, 1, 1, 1, 1, 0, 0, 0, 0, 0, -1, -1, -1, -1, -1, 1, 0, 1, 1, 1, -1, -1, 1, 1, 0, 1, 1, 1, 1, 1, -1, -1, 0, 0, 1, -1, -1, 1, 0, 1, -1, 0, 0, 0, -1, 1, 1, 1, 1, 1, 1, 1, 1, 1, 1, -1, 0, -1, -1, -1, -1, -1, -1, -1, -1, -1, 1, 1, -1, -1, 0, 0, 1, 1, 1, 1]","[-1, -1, -1, -1, -1, 0, -1, -1, -1, -1, 1, -1, -1, 0, -1, -1, -1, -1, -1, 0, 0, 0, 0, 0, -1, 0, -1, -1, -1, 0, -1, -1, -1, -1, -1, -1, -1, -1, -1, -1, -1, -1, -1, 1, 0, -1, 0, 1, 0, 1, 0, -1, -1, -1, -1, -1, -1, -1, -1, -1, -1, 1, 0, 0, 0, 0, 0, 0, 0, 0, 0, 0, 0, 0, 0, -1, -1, -1, -1, -1, -1, -1, -1, 0, 0, -1, -1, -1, -1, -1, -1, -1, 1, -1, -1, 0, 1, -1, -1, -1, -1, -1, -1, -1, -1, 0, -1, -1, -1, -1, -1, -1, -1, -1, -1, -1, 0, 0, 0, 1, 0, 1, 0, -1, -1, -1, 0, 0, 0, 0, -1, -1, -1, -1, 0, -1, -1, -1, -1, -1, -1, -1, -1, -1, -1, -1, -1, -1, -1, -1, -1, -1, -1, 0, -1, 0, 0, 0, -1, -1, -1, -1, -1, -1, -1, -1, -1, -1, -1, -1, -1, -1, -1, -1, -1, -1, -1, 0, 1, 1, 0, -1, -1, -1, 0, 0, -1, 0, -1, -1, -1, 0, -1, -1, -1, -1, -1, -1, 0, -1, -1, 0, 0, -1, -1, -1, -1, -1, 0, -1, -1, 0, -1, -1, -1, -1, -1, -1, -1, -1, -1, -1, -1, -1, 0, 0, 1, 0, 0, 0, -1, 0, -1, -1, -1, -1, -1, -1, -1, -1, 0, -1, 0, 0, 0, 0, -1, -1, -1, -1, -1, -1, -1, -1, -1, -1, -1, -1, 1, -1, -1, -1, 0, -1, -1, -1, 0, 0, 0, 0, -1, 0, 0, -1, -1, -1, 1, 0, 0, 0, -1, -1, -1, -1, -1, -1, 0, 0, -1, -1, -1, -1, 0, -1, -1, 0, 0, -1, -1, -1, -1, -1, -1, -1, -1, -1, 0, 0, -1, 0, 0, -1, -1, -1, -1, -1, 1, -1, -1, -1, 1, 1, -1, -1, -1, -1, -1, -1, -1, -1, -1, 0, -1, -1, -1, -1, 1, -1, 1, 1, 1, -1, -1, -1, -1, -1, -1, -1, -1, -1, -1, -1, -1, -1, -1, -1, -1, -1, -1, -1, -1, -1, -1, -1, -1, -1, -1, -1, -1, -1, 0, 0, -1, -1, -1, -1, -1]","[-1, -1, -1, -1, -1, 0, -1, -1, -1, -1, 1, -1, 0, 0, -1, -1, -1, -1, -1, -1, -1, -1, -1, -1, -1, -1, -1, 0, 0, 0, 0, 0, 0, 0, 0, 1, 1, 1, 1, 1, 1, 1, 1, 0, 0, -1, 0, 0, 0, 0, 0, 0, 0, 0, -1, -1, -1, -1, -1, -1, -1, 0, 0, 0, 0, 0, 0, 0, -1, 0, -1, 1, -1, 1, -1, 0, 0, 0, 0, 0, 0, 0, 0, 0, 0, -1, -1, -1, -1, -1, -1, -1, 0, 1, -1, -1, 1, 0, 0, 0, 0, 0, 0, 0, 0, 1, 0, 0, 0, 0, 0, 0, 0, -1, 0, 0, 0, 0, 0, 0, 0, 0, 0, 0, 0, 0, 0, 0, 0, 0, 0, -1, -1, -1, 0, 0, 0, 0, -1, -1, -1, -1, -1, 0, 0, 0, 0, 0, -1, -1, -1, -1, -1, 0, -1, 0, 0, 0, 0, 0, 0, 0, 0, 0, 0, 0, 0, 0, 0, 1, 0, 0, -1, 0, 0, -1, -1, 0, 0, 0, 0, -1, -1, -1, -1, 0, 0, -1, -1, -1, -1, 0, -1, -1, 0, 0, 0, 0, 1, 1, 1, 0, 0, 1, -1, -1, 0, -1, -1, 0, -1, 0, 0, -1, -1, -1, -1, -1, -1, 0, 0, 0, 0, 0, 1, 0, -1, 0, 0, 0, -1, 0, -1, -1, -1, -1, -1, -1, 1, -1, 0, 1, 0, 0, 0, 0, -1, -1, -1, -1, -1, -1, -1, 1, 1, 0, 0, 0, 0, 1, 1, -1, 0, 0, -1, -1, 0, 0, 0, 0, 0, 0, -1, 0, 0, -1, 0, 0, 0, 0, -1, -1, 0, 0, -1, -1, 0, 0, -1, -1, -1, -1, 0, -1, 0, 0, 0, 0, -1, -1, -1, -1, -1, -1, -1, -1, 0, 0, 0, 0, 0, -1, -1, -1, -1, -1, 1, 0, -1, -1, -1, -1, -1, -1, -1, -1, -1, -1, -1, -1, -1, 0, -1, 0, 0, -1, 1, -1, 1, 1, 1, 0, -1, -1, -1, -1, 0, 0, 0, 0, 0, 0, 0, 0, 0, 0, 0, 0, 0, 0, -1, -1, -1, -1, -1, -1, -1, -1, -1, -1, -1, -1, -1, -1, -1, 0, 0]",2.7185185185185183
sid0101-clean-COSINE-0100-M_close_202-truncated_freqbin40_scaled0.5.wav,"[0, 1, 0]","[0, 0, 1]","[-1, 1, 0]","[-1, 1, 0]",2.6363636363636362
sid0101-clean-COSINE-0100-M_close_202-truncated_freqbin40_scaled1000.0.wav,[1],[-1],[-1],[-1],1.1818181818181819
sid3629-clean-COSINE-4174-F_close_72_freqbin40_scaled0.5.wav,"[0, 0, 0, 1, 1, 0, 0, 0, 0, 0, 0]","[1, 0, 0, 1, 1, 0, 0, 0, 0, 1, 0]","[0, 1, 0, 1, 1, 0, 0, 0, 0, -1, 0]","[0, 0, 0, 0, 1, 0, 0, 0, 0, 0, 0]",4.0
sid4715-noisy-COSINE-6463-F_array1_69_freqbin2_scaled0.5.wav,"[-1, 0, -1, -1, -1, -1, -1]","[-1, -1, -1, 1, -1, -1, -1]","[-1, -1, -1, -1, -1, -1, -1]","[-1, -1, -1, -1, -1, -1, -1]",2.0
sid1816-anchor-COSINE-2734-M_close_91_freqbin40_scaled0.5.wav,"[-1, -1, 0, 0, 0, 0, -1, 0]","[-1, -1, -1, 1, 1, 1, -1, 0]","[-1, -1, -1, 0, -1, -1, -1, -1]","[-1, -1, 0, 0, 0, 0, -1, 0]",2.75
sid3629-clean-COSINE-4174-F_close_72_freqbin4_scaled0.5.wav,"[0, 0, 0, 0, 1, -1]","[1, 0, 1, 1, 1, 0]","[0, 0, 1, 0, 1, 0]","[0, 0, 0, 0, 1, 0]",4.125
sid1816-anchor-COSINE-2734-M_close_91.wav,"[0, 0, -1, -1, -1, 0, -1, 0, 0, -1, 0, 0, 0, -1, 0, -1, -1, -1, -1, 0, -1, -1, -1, 0, 0, 0, 0, 1, 1, 1, 1, 0, 0, 0, -1, 0, -1, -1, -1, -1, -1, -1, -1, -1, 0, 0, 0, 1, 0, 0, 0, 1, 1, 1, -1, 0, -1, 0, -1, 1, 1, 1, 0, 0, 0, -1, -1, -1, 0, 0, -1, -1, -1, 0, 0, 0, 0, -1, -1, -1, 0, 0, -1, -1, -1, -1, -1, -1, -1, 1, 0, 0, 0, 0, 0, 0, 0, -1, -1, -1, -1, -1, -1, -1, -1, -1, 0, -1, 0, 0, 0, 0, -1, -1, -1, -1, 0, 0, 0, 0, -1, 0, 0, 0, 0, 0, 0, 0, 0, 0, 0, -1, -1, -1, 0, 0, -1, 0, 0, 0, 1, 1, 1, 1, 0, 0, 0, 0, 0, 0, 0, -1, 0, -1, 0, 1, 1, -1, 1, -1, -1, -1, -1, -1, -1, -1, -1, -1, -1, -1, -1, 1, 0, 1, 0, -1, 0, -1, -1, -1, 0, -1, -1, -1, 0, 0, 0, 0, -1, 0, -1, 0, 0, 0, -1, 0, 0, -1, -1, -1, 0, 0, 0, -1, 0, 0, 0, 1, 0, -1, 0, 0, 0, -1, 0, -1, -1, -1, -1, -1, -1, -1, 1, 0, 1, -1, -1, 1, 1, -1, 0, 0, 0, 0, 0, 0, -1, -1, -1, 0, 0, 0, 0, -1, 0, 0, 0, 0, 0, 0, 0, -1, 0, 0, 0, 0, -1, -1, -1, -1, -1, -1, 0, -1, -1, -1, 0, 0, 0, 0, 0, -1, -1, 0, 0, 0, 0, 0, -1, -1, -1, -1, 0, 0, -1, 0, 0, 0, 0, -1, 0, -1, 0, -1, 0, 0, 0, 0, 0, 0, 0, 0, 0, 0, 0, 1, 1, 0, 0, 0, -1, 0, 0, 0, -1, 0, 0, 0, 0, 0, 0, 0, -1, 1, 1, 0, -1, 1, -1, 0, 0, 0, 0, 0, 0, 0, 0, 0, 0, 0, 0, -1, -1, -1, -1, 1, -1, -1, -1, 1, 0, 1, -1, -1, -1, -1, 0, 1, 1, 0]","[1, 1, 1, -1, -1, 0, -1, -1, 0, -1, 0, 0, 0, 1, 1, 1, 1, -1, 1, 1, 1, -1, -1, 0, 0, 1, 1, 1, 1, -1, 1, -1, -1, -1, -1, 0, 0, 0, 0, 0, 0, 0, 0, 1, 1, 1, 0, 0, 0, 0, 1, 1, 1, 1, 1, 1, 1, 1, 1, 1, -1, 0, -1, -1, 1, 1, 1, -1, -1, 0, 0, 0, -1, -1, 0, 0, 0, -1, 0, 0, 0, 0, 1, 0, 1, 1, 1, -1, -1, -1, 0, 0, 0, 1, 1, 1, 1, 0, -1, -1, -1, -1, -1, -1, -1, -1, -1, -1, 0, 0, 0, 0, -1, -1, -1, 0, 0, 0, 0, 0, -1, 0, 0, 0, -1, -1, -1, -1, 0, -1, 1, -1, -1, -1, -1, -1, -1, -1, -1, -1, 0, 1, 1, 0, 1, 1, 1, 1, 1, 1, 1, 0, 0, 0, 0, 1, -1, 1, 1, 1, -1, -1, -1, -1, -1, -1, -1, -1, -1, -1, -1, 1, 1, -1, 0, -1, 0, -1, 0, -1, 0, -1, -1, -1, 0, 0, 0, 0, 0, 0, 0, 0, 0, 0, 0, 0, 0, -1, -1, 1, 1, 1, 1, 1, 1, 1, 1, 1, 0, 1, 0, 0, 1, 1, 1, 0, 0, 0, 0, 0, 0, 0, 0, -1, 0, 0, 0, 0, 0, 0, 0, 0, 0, 0, 0, 0, -1, -1, 0, 1, 1, 0, 0, 1, 1, 1, 1, 1, 1, 1, 1, -1, 0, 0, 0, 0, 0, -1, 0, 0, -1, -1, 0, 0, 0, 0, 0, 0, 0, 0, 0, 1, 1, 0, 1, 1, 1, 0, 0, 0, 0, 1, 1, 1, 1, 1, 1, 0, 0, 1, 0, 0, 1, 1, 0, 1, -1, 0, 0, 0, 0, 0, 0, 0, 0, 1, 1, 0, -1, -1, 0, 0, 0, 0, 0, 0, 0, 0, 0, 0, 0, 0, 1, 1, 1, 1, -1, 0, 1, 0, 0, 0, 0, 1, 1, 1, 1, 1, 1, 1, -1, 0, 0, 0, 0, 1, -1, -1, -1, 1, 1, 1, -1, -1, -1, -1, 1, 1, 1, 1]","[0, 0, -1, -1, 0, -1, 0, 0, 0, -1, -1, -1, -1, -1, -1, -1, -1, -1, -1, -1, -1, 1, 1, -1, -1, -1, -1, -1, -1, -1, 1, -1, -1, -1, -1, -1, -1, -1, -1, -1, -1, -1, -1, 0, 0, 0, -1, -1, -1, -1, -1, 0, 0, 0, -1, -1, -1, 0, -1, -1, 0, 1, -1, -1, -1, -1, -1, -1, -1, -1, -1, -1, -1, -1, -1, -1, -1, -1, -1, -1, -1, 0, -1, -1, -1, -1, -1, 1, -1, -1, -1, -1, -1, -1, -1, -1, -1, -1, -1, -1, -1, 0, 0, 0, 0, 0, 0, 0, 0, 0, 0, 0, -1, -1, -1, -1, 0, 0, 0, -1, -1, 0, 0, 0, 0, -1, -1, -1, -1, -1, -1, -1, -1, -1, -1, 0, -1, -1, -1, -1, 0, -1, -1, 0, 0, 0, -1, 0, 0, -1, -1, -1, -1, -1, -1, 0, 1, -1, -1, -1, -1, -1, -1, -1, -1, -1, -1, -1, -1, -1, -1, 1, 1, -1, 0, 1, 0, -1, -1, -1, -1, -1, -1, -1, -1, -1, -1, -1, -1, -1, -1, -1, -1, -1, -1, 0, 0, 0, -1, -1, -1, -1, -1, 1, 1, 1, 1, 1, 0, -1, 0, 0, 0, -1, 0, -1, -1, -1, -1, -1, -1, -1, 0, 0, -1, -1, -1, -1, -1, -1, 0, 0, 0, 0, 0, 0, -1, -1, -1, -1, 0, 1, 0, -1, 0, 0, -1, 0, -1, -1, -1, -1, 0, -1, 0, 0, -1, -1, -1, -1, 0, 0, -1, -1, -1, 0, -1, -1, -1, -1, -1, -1, -1, 0, 0, 1, 1, -1, 0, 0, -1, 0, 1, 0, -1, 0, 0, 0, 0, -1, -1, -1, 0, -1, 0, 0, -1, -1, -1, -1, 0, 0, 0, 0, 0, 1, 1, 0, 0, -1, 0, -1, -1, -1, -1, -1, -1, -1, 0, 0, 0, 0, -1, 0, 0, 0, -1, 0, -1, -1, -1, -1, -1, -1, -1, -1, -1, -1, -1, -1, -1, -1, -1, -1, -1, 1, -1, -1, -1, 0, 0, 0, -1, -1, -1, -1, 0, 0, 0, 0]","[0, 0, -1, -1, -1, 1, -1, 0, 0, -1, 0, 0, 0, 0, -1, -1, -1, -1, -1, -1, 1, 0, 1, 0, -1, 0, 0, -1, -1, 1, 1, 0, 0, 0, -1, 0, -1, 0, -1, -1, -1, -1, -1, 0, 0, 0, -1, -1, 1, 1, 0, 0, 0, 0, 0, 0, 0, 0, -1, -1, 0, 0, 0, 0, 0, 0, 0, 0, 0, 0, 0, 0, 0, 0, 0, 0, 0, -1, -1, -1, 0, 0, -1, -1, -1, -1, -1, -1, -1, 1, 0, 0, 0, 0, 0, 0, 0, -1, 0, -1, -1, -1, -1, -1, -1, 0, -1, -1, 0, 0, 0, 0, -1, 0, -1, 0, 0, 0, 0, 0, -1, 0, 0, 0, 0, 0, 0, 0, 0, 0, 0, 0, 0, 0, -1, 0, 0, 0, 0, 0, 0, -1, 0, 0, 0, 0, 0, 0, 0, 1, 1, -1, 0, 0, 0, 0, -1, -1, -1, -1, -1, -1, -1, -1, -1, -1, -1, -1, -1, -1, -1, 1, 0, -1, 0, -1, 0, -1, -1, -1, 0, -1, -1, -1, 0, 0, 0, 0, 0, 0, 0, 0, -1, 0, -1, 0, 0, 0, -1, 0, 0, 0, 0, -1, 0, 0, 0, 1, 0, 1, 0, 0, 0, 0, 0, -1, -1, -1, -1, -1, -1, -1, 1, 0, 1, 0, 0, 1, 1, -1, 0, -1, 0, 0, 0, 0, -1, -1, -1, 0, 0, -1, 0, 0, 0, 0, 0, 0, -1, 0, 0, -1, 0, 0, 0, 0, -1, -1, -1, 0, 0, 0, 0, 0, 0, 0, 0, 0, 0, 0, 0, 0, 0, 0, 0, 0, 0, -1, -1, -1, -1, 0, 0, 0, 0, 0, 0, 0, 0, -1, 0, 0, 0, -1, 0, 0, 0, 0, 0, 0, 1, 0, 0, 0, 0, 1, 1, 0, 0, 0, -1, 0, 0, 0, -1, 0, 0, 0, 0, 0, 0, 0, 0, 0, 0, 0, -1, 0, -1, -1, 0, 0, 0, -1, 0, 0, 0, 0, 0, 0, 0, 0, 0, 0, 0, 1, -1, -1, -1, 0, 0, 0, -1, -1, -1, -1, 0, 0, 0, 0]",3.0647058823529414
sid5333-noisy-COSINE-7408-M_array1_149_freqbin41_scaled0.5.wav,"[-1, -1, -1, -1, -1, -1, -1, -1]","[1, -1, 0, 1, -1, 1, -1, 0]","[-1, -1, 0, -1, -1, -1, 1, -1]","[-1, -1, -1, -1, -1, -1, 1, -1]",2.125
sid0999-noisy-COSINE-1399-F_array1_68-truncated_freqbin4_scaled0.5.wav,[1],[1],[0],[0],3.0
sid0101-clean-COSINE-0100-M_close_202-truncated_freqbin3_scaled10.0.wav,[-1],[-1],[-1],[-1],1.6
sid4715-noisy-COSINE-6463-F_array1_69_freqbin4_scaled10.0.wav,"[1, -1, 0]","[1, 1, 1]","[0, -1, 0]","[0, -1, 0]",1.7272727272727273
sid2579-noisy-COSINE-3231-F_array1_81.wav,"[-1, -1, -1, -1, 0, 0, 0, 1, 0, 1, 1, -1, 1, 1, 1, 1, 1, 1, 1, 0, 0, -1, 0, 1, -1, 0, 0, 0, 0, -1, -1, -1, -1, -1, -1, -1, -1, -1, -1, -1, 0, -1, -1, -1, -1, -1, -1, -1, -1, -1, -1, -1, 1, -1, -1, -1, 0, -1, -1, 0, 0, 0, 0, 0, 0, 0, 0, -1, 0, -1, -1, 0, 0, 0, 0, 0, -1, -1, 0, 1, -1, -1, -1, -1, -1, -1, -1, 0, -1, 0, 0, -1, -1, -1, -1, -1, -1, -1, -1, -1, -1, -1, -1, 1, 0, -1, -1, -1, -1, -1, -1, -1, -1, -1, -1, -1, -1, -1, -1, -1, -1, -1, -1, -1, -1, -1, -1, -1, -1, 0, 0, -1, -1, -1, -1, -1, -1, -1, -1, -1, -1, -1, 1, 0, -1, -1, -1, -1, -1, 0, -1, 0, -1, -1, -1, -1, -1, -1, -1, 1, 1, -1, -1, -1, -1, 0, -1, -1, -1, -1, -1, -1, -1, 0, 0, -1, 0, 0, 0, -1, -1, -1, -1, 0, -1, 0, 0, 0, 0, 0, -1, -1, -1, -1, 0, -1, -1, 0, -1, -1, -1, -1, -1, 0, 0, -1, 0, -1, 1, 1, -1, 1, -1, -1, -1, 1, -1, -1, 0, 0, 0, 0, -1, -1, -1, -1, -1, 0, 0, -1, -1, -1, -1, -1, -1, -1, 0, -1, 0, 0, -1, -1, -1, 0, 0, 1, -1, 1, 1, -1, 0, 0, -1, -1, -1, -1, -1, -1, -1, -1, -1, -1, -1, -1, -1, -1, -1, -1, 0, 0, -1, -1, -1, 1, 1, 1, -1, -1, -1, -1, -1, -1, -1, -1, -1]","[0, 0, 1, 0, 0, 0, 0, 0, 0, 0, -1, -1, 0, 0, 0, 1, 1, 1, 1, 1, 1, 1, 1, 0, 0, 0, 0, -1, 0, -1, -1, -1, -1, -1, -1, -1, -1, -1, -1, -1, 0, 1, 1, 1, 1, 1, 1, -1, -1, -1, -1, 1, 1, -1, 1, -1, -1, 0, 0, 0, 0, 0, 0, 0, 0, 0, 0, 0, 0, -1, -1, -1, -1, -1, -1, -1, 1, -1, 1, 1, 1, 1, -1, -1, -1, -1, -1, 1, -1, 1, 1, 1, 1, 1, 1, 1, -1, -1, -1, 1, 1, -1, -1, 0, -1, 0, -1, 0, 0, -1, -1, -1, 1, 0, 0, -1, -1, -1, -1, -1, -1, -1, 1, -1, -1, -1, -1, -1, -1, -1, -1, -1, -1, -1, -1, 1, 1, -1, -1, -1, -1, -1, 1, 1, -1, -1, -1, -1, 0, 0, 0, 0, 0, 0, 0, -1, -1, -1, 0, 0, 1, 1, 1, 1, -1, 0, 1, 1, 1, 1, -1, -1, -1, 0, 0, 0, 0, 0, 0, -1, 1, 1, -1, -1, 1, 0, 0, -1, 0, -1, -1, -1, 0, 0, 1, 1, 1, 1, 1, 1, 1, -1, -1, 0, 0, 0, 0, 0, -1, 1, -1, 1, -1, -1, 0, -1, 1, 1, 0, 0, 0, -1, 1, 0, 0, 1, 1, 1, 1, 1, 1, 1, 1, 0, 0, 0, 0, 0, 0, 0, 1, 1, 1, 1, 0, 0, 1, 1, 1, 0, -1, -1, 1, -1, -1, 0, 0, 0, 0, 0, 0, 0, 0, 0, 0, 1, 1, 1, 1, 1, 0, -1, -1, 1, 0, 0, 0, -1, -1, -1, -1, -1, -1, 1, 1]","[-1, 0, 0, -1, 0, 0, 0, 1, 0, 1, -1, 1, 0, 0, 0, 1, 1, 1, 1, -1, -1, -1, -1, -1, -1, -1, 0, -1, 0, 0, -1, 0, -1, -1, -1, -1, -1, -1, -1, -1, -1, 0, 0, 0, 0, 0, 0, -1, -1, -1, -1, -1, -1, 0, -1, -1, -1, 0, 0, 0, 0, 0, 0, 0, 0, -1, -1, -1, -1, 0, 0, 0, 0, 0, 0, 0, 0, 1, -1, 0, -1, -1, -1, -1, 0, -1, -1, 0, 0, 0, 0, -1, -1, -1, -1, -1, -1, -1, -1, -1, 0, -1, -1, 0, -1, -1, -1, -1, -1, -1, -1, -1, -1, 0, 0, -1, -1, -1, -1, -1, -1, -1, -1, -1, -1, -1, -1, -1, -1, 0, -1, -1, -1, -1, -1, -1, -1, -1, -1, -1, -1, -1, -1, -1, -1, -1, -1, -1, -1, -1, -1, -1, 0, -1, -1, -1, -1, -1, -1, 0, 0, -1, -1, -1, -1, 0, -1, -1, -1, 0, -1, -1, -1, 0, 0, 0, 0, 0, 0, -1, 0, 0, 0, 0, 1, -1, 0, -1, 0, -1, -1, -1, -1, -1, -1, -1, 0, 0, -1, -1, -1, -1, -1, -1, 0, 0, 0, 0, 1, 1, -1, 1, -1, -1, -1, 1, -1, -1, -1, -1, -1, -1, -1, -1, -1, -1, -1, 0, 0, 0, -1, -1, -1, -1, -1, -1, -1, -1, -1, -1, -1, -1, -1, 0, 0, 0, 0, 1, 1, 0, 0, 0, 0, 0, -1, 0, 0, -1, -1, -1, -1, -1, -1, -1, 0, 0, 0, 0, -1, -1, -1, -1, -1, 1, 1, 1, -1, -1, -1, -1, -1, -1, -1, -1, -1]","[-1, -1, -1, -1, 0, 0, 0, 0, 0, 1, 1, -1, 1, 1, 0, 1, 1, 1, 1, -1, -1, 0, 0, 1, -1, -1, 0, 1, 0, -1, -1, -1, -1, -1, -1, -1, -1, -1, -1, -1, 0, 0, 0, 0, 0, 0, 0, -1, 0, -1, -1, 1, 1, -1, -1, 0, 0, -1, -1, -1, -1, -1, -1, -1, -1, 0, 0, -1, -1, 0, 0, -1, 0, 0, 0, 0, -1, -1, 0, 0, 0, 0, -1, -1, 0, 0, 0, 0, 0, 1, 1, -1, 0, -1, 0, 0, 0, 0, 0, -1, -1, -1, -1, 0, -1, -1, -1, -1, -1, -1, -1, -1, 0, -1, -1, -1, -1, -1, -1, -1, -1, -1, -1, -1, -1, -1, -1, -1, -1, 0, 0, -1, -1, -1, -1, 0, 0, 0, 0, 0, 0, 0, -1, 0, -1, -1, -1, -1, -1, -1, -1, 0, -1, -1, -1, -1, -1, 0, 0, 1, 0, -1, -1, -1, -1, 0, -1, 0, -1, -1, -1, -1, -1, 0, 0, 0, 0, 0, 0, -1, 0, 0, 0, -1, -1, 0, 0, 0, 0, 0, -1, -1, -1, 0, -1, -1, -1, 0, 0, 0, 0, -1, 0, -1, 0, 0, 0, 0, -1, 1, -1, 1, 0, 0, 0, -1, -1, 1, 0, 0, 0, 0, -1, -1, -1, -1, -1, 0, 0, -1, -1, -1, 0, 0, 0, 0, 0, 0, 0, 0, -1, -1, -1, 0, 0, 0, -1, 1, 1, 0, 0, 0, 0, -1, -1, 0, 0, -1, -1, -1, -1, -1, -1, -1, -1, -1, -1, -1, -1, -1, -1, -1, -1, 1, 1, 1, -1, -1, -1, -1, -1, -1, -1, 1, 1]",2.8258823529411763
sid0999-noisy-COSINE-1399-F_array1_68-truncated_freqbin31_scaled0.5.wav,"[-1, 0, 0]","[0, 0, -1]","[0, -1, -1]","[0, 0, 0]",3.0
sid4715-noisy-COSINE-6463-F_array1_69_freqbin41_scaled0.5.wav,"[-1, 0, 0, -1, -1]","[-1, 0, 0, -1, -1]","[-1, -1, -1, -1, -1]","[-1, -1, -1, -1, -1]",2.2
sid4715-noisy-COSINE-6463-F_array1_69_freqbin31_scaled0.5.wav,"[-1, -1, 0, -1, -1]","[-1, -1, 1, -1, -1]","[-1, 0, -1, -1, -1]","[-1, 0, 0, -1, -1]",2.2
sid0999-noisy-COSINE-1399-F_array1_68-truncated_freqbin3_scaled1000.0.wav,"[-1, -1]","[0, 1]","[-1, -1]","[-1, -1]",1.0
sid2579-noisy-COSINE-3231-F_array1_81_freqbin0_scaled0.5.wav,[1],[1],[1],[1],3.0
sid3114-clean-COSINE-3826-M_close_132_freqbin31_scaled0.5.wav,"[0, 1, -1, 0, 0]","[0, 1, 1, 0, 1]","[-1, -1, -1, 0, 0]","[0, 1, -1, 0, 0]",3.6
sid3629-clean-COSINE-4174-F_close_72_freqbin5_scaled0.5.wav,"[0, 1, 0, 0]","[0, -1, 1, 0]","[-1, -1, 0, 0]","[0, 1, 0, 0]",4.2
sid1816-anchor-COSINE-2734-M_close_91_freqbin31_scaled0.5.wav,"[0, -1, 0, 0]","[0, 1, 0, 1]","[-1, -1, 0, -1]","[0, -1, 0, 0]",3.0
sid5333-noisy-COSINE-7408-M_array1_149_freqbin0_scaled0.5.wav,"[-1, -1, -1, -1, -1, 0, -1]","[1, 0, 0, -1, -1, 0, -1]","[-1, -1, -1, -1, -1, -1, -1]","[-1, -1, -1, -1, -1, 0, 0]",1.75
sid1816-anchor-COSINE-2734-M_close_91_freqbin1_scaled0.5.wav,"[-1, -1, 0, -1]","[1, -1, 1, -1]","[-1, -1, 0, -1]","[-1, -1, -1, 0]",2.4
sid5333-noisy-COSINE-7408-M_array1_149_freqbin5_scaled10.0.wav,"[-1, 0, -1, -1]","[0, 0, -1, -1]","[-1, -1, -1, -1]","[-1, 0, -1, 0]",1.2
sid0101-clean-COSINE-0100-M_close_202-truncated_freqbin2_scaled0.5.wav,"[-1, 0, 0, -1, 0]","[0, 0, 0, -1, 1]","[-1, -1, -1, -1, -1]","[-1, 0, 0, -1, 0]",2.6
sid0999-noisy-COSINE-1399-F_array1_68-truncated_freqbin5_scaled0.5.wav,"[0, 0]","[0, 0]","[-1, 0]","[0, 0]",3.5714285714285716
sid2579-noisy-COSINE-3231-F_array1_81_freqbin0_scaled10.0.wav,[0],[0],[1],[0],2.857142857142857
sid2579-noisy-COSINE-3231-F_array1_81_freqbin2_scaled0.5.wav,[0],[0],[-1],[0],3.0
sid5333-noisy-COSINE-7408-M_array1_149_freqbin0_scaled10.0.wav,[-1],[1],[1],[-1],1.375
sid3114-clean-COSINE-3826-M_close_132_freqbin4_scaled0.5.wav,[-1],[0],[1],[-1],3.75
sid1816-anchor-COSINE-2734-M_close_91_freqbin5_scaled0.5.wav,[-1],[1],[-1],[-1],2.75
sid2579-noisy-COSINE-3231-F_array1_81_freqbin2_scaled10.0.wav,"[-1, -1, -1]","[-1, -1, -1]","[-1, -1, -1]","[-1, 0, 0]",2.4285714285714284
sid0999-noisy-COSINE-1399-F_array1_68-truncated_freqbin5_scaled10.0.wav,[-1],[-1],[-1],[-1],2.4285714285714284
sid5333-noisy-COSINE-7408-M_array1_149_freqbin2_scaled10.0.wav,"[-1, -1, -1]","[-1, 0, -1]","[-1, -1, -1]","[-1, 0, -1]",1.7142857142857142
sid2579-noisy-COSINE-3231-F_array1_81_freqbin5_scaled10.0.wav,"[-1, -1, -1]","[1, 1, 1]","[0, -1, -1]","[0, 0, 0]",2.4
sid0999-noisy-COSINE-1399-F_array1_68-truncated_freqbin0_scaled0.5.wav,[-1],[1],[0],[1],3.8
sid2579-noisy-COSINE-3231-F_array1_81_freqbin41_scaled10.0.wav,"[-1, -1]","[-1, 1]","[0, -1]","[-1, 1]",2.2
sid0999-noisy-COSINE-1399-F_array1_68-truncated_freqbin31_scaled10.0.wav,"[0, 1]","[-1, 1]","[0, -1]","[0, 1]",2.4
sid2579-noisy-COSINE-3231-F_array1_81_freqbin1_scaled0.5.wav,"[-1, -1, -1, -1, -1, -1]","[1, -1, -1, 0, -1, -1]","[-1, -1, 0, -1, -1, -1]","[-1, -1, -1, -1, 0, -1]",2.3333333333333335
sid2579-noisy-COSINE-3231-F_array1_81_freqbin1_scaled10.0.wav,"[-1, -1, -1, -1, -1]","[-1, -1, 1, -1, -1]","[0, -1, 0, -1, -1]","[-1, 0, -1, -1, -1]",1.8333333333333333
sid3629-clean-COSINE-4174-F_close_72_freqbin0_scaled0.5.wav,"[0, 0, 1, 0, -1, -1]","[1, 0, 1, 0, -1, 1]","[0, -1, 0, 0, -1, -1]","[0, 0, 0, 0, 0, -1]",3.5
sid4715-noisy-COSINE-6463-F_array1_69_freqbin2_scaled10.0.wav,"[-1, -1, 1]","[-1, 1, 1]","[-1, -1, 1]","[-1, -1, 1]",2.375
sid1816-anchor-COSINE-2734-M_close_91_freqbin1_scaled1000.0.wav,[0],[0],[-1],[0],1.0
sid1816-anchor-COSINE-2734-M_close_91_freqbin2_scaled0.5.wav,"[-1, 0, -1, 0, 0, 0]","[-1, 0, -1, 0, -1, -1]","[-1, -1, 0, 0, 0, -1]","[-1, 0, -1, 0, 0, -1]",2.8333333333333335
sid5333-noisy-COSINE-7408-M_array1_149_freqbin40_scaled0.5.wav,"[-1, 0, -1, -1, -1, -1]","[-1, -1, -1, -1, -1, -1]","[-1, -1, 0, -1, -1, -1]","[-1, 0, -1, -1, 0, -1]",1.8333333333333333
sid3629-clean-COSINE-4174-F_close_72_freqbin31_scaled0.5.wav,"[0, 0, 1, 0, 0]","[0, 1, 1, 0, -1]","[0, 0, 1, -1, 0]","[0, 0, 1, 0, 0]",3.8333333333333335
sid3629-clean-COSINE-4174-F_close_72_freqbin31_scaled10.0.wav,"[0, 0, 1, 0, 0]","[0, -1, 1, 0, 1]","[-1, -1, 1, -1, 0]","[0, 0, 1, 0, 0]",4.0
sid0999-noisy-COSINE-1399-F_array1_68-truncated_freqbin40_scaled0.5.wav,"[0, -1, -1]","[0, 0, 0]","[-1, -1, -1]","[0, 0, 0]",3.25
sid0101-clean-COSINE-0100-M_close_202-truncated_freqbin41_scaled10.0.wav,"[-1, 0, -1]","[-1, 0, 0]","[-1, -1, -1]","[-1, 0, 0]",2.8
sid3114-clean-COSINE-3826-M_close_132_freqbin5_scaled0.5.wav,"[1, 0, 1, -1, 0]","[1, 0, 1, 0, 0]","[1, -1, 1, -1, 0]","[1, 0, 1, 0, 0]",3.8
sid0101-clean-COSINE-0100-M_close_202-truncated_freqbin5_scaled0.5.wav,[0],[1],[0],[0],2.909090909090909
sid0101-clean-COSINE-0100-M_close_202-truncated_freqbin4_scaled10.0.wav,"[1, -1]","[1, -1]","[-1, -1]","[1, -1]",1.4
sid0101-clean-COSINE-0100-M_close_202-truncated_freqbin0_scaled10.0.wav,"[-1, -1, 0]","[0, -1, 1]","[-1, -1, -1]","[-1, -1, -1]",1.4
sid4715-noisy-COSINE-6463-F_array1_69_freqbin40_scaled1000.0.wav,[-1],[-1],[-1],[-1],1.0
sid0999-noisy-COSINE-1399-F_array1_68-truncated_freqbin1_scaled0.5.wav,[-1],[-1],[-1],[-1],3.0
sid4715-noisy-COSINE-6463-F_array1_69_freqbin41_scaled1000.0.wav,[-1],[-1],[0],[0],1.0
sid2579-noisy-COSINE-3231-F_array1_81_freqbin31_scaled10.0.wav,[-1],[1],[-1],[0],2.0
sid2579-noisy-COSINE-3231-F_array1_81_freqbin5_scaled0.5.wav,[-1],[1],[-1],[0],2.6
sid1816-anchor-COSINE-2734-M_close_91_freqbin3_scaled0.5.wav,"[0, 0, 0, 0]","[-1, 0, -1, -1]","[0, -1, 0, -1]","[0, -1, 0, -1]",2.3333333333333335
sid5333-noisy-COSINE-7408-M_array1_149_freqbin1_scaled10.0.wav,[-1],[-1],[-1],[0],1.4
sid3114-clean-COSINE-3826-M_close_132_freqbin40_scaled0.5.wav,"[1, 1, 0, 0, 1]","[1, 1, 0, 1, 1]","[0, 0, -1, -1, 1]","[1, 0, 0, -1, 1]",4.2
sid2579-noisy-COSINE-3231-F_array1_81_freqbin4_scaled10.0.wav,"[-1, -1, -1, -1, -1]","[1, 1, 0, -1, 1]","[0, -1, 0, -1, -1]","[-1, 0, -1, -1, -1]",2.8
sid2579-noisy-COSINE-3231-F_array1_81_freqbin4_scaled0.5.wav,"[-1, -1, -1, -1, 1]","[1, 1, 0, 0, -1]","[-1, 1, 0, -1, -1]","[0, 0, -1, -1, -1]",3.2
sid4715-noisy-COSINE-6463-F_array1_69_freqbin5_scaled0.5.wav,"[-1, 1, -1, -1, -1]","[1, 1, 0, -1, -1]","[0, -1, 0, -1, -1]","[-1, -1, -1, -1, -1]",2.8
sid3114-clean-COSINE-3826-M_close_132_freqbin3_scaled10.0.wav,[1],[1],[1],[1],2.0
sid1816-anchor-COSINE-2734-M_close_91_freqbin4_scaled0.5.wav,"[-1, -1, 0, 0]","[-1, 1, -1, 0]","[-1, -1, 0, -1]","[-1, -1, 0, 0]",3.0
sid0101-clean-COSINE-0100-M_close_202-truncated_freqbin31_scaled0.5.wav,"[-1, -1, 0, -1]","[-1, 0, -1, 0]","[-1, -1, 0, -1]","[-1, -1, 0, 0]",2.8
sid0101-clean-COSINE-0100-M_close_202-truncated_freqbin31_scaled10.0.wav,"[-1, -1, 0, -1]","[0, -1, -1, 0]","[-1, -1, 0, -1]","[-1, -1, 0, 0]",2.6
sid4715-noisy-COSINE-6463-F_array1_69_freqbin1_scaled10.0.wav,[-1],[-1],[-1],[-1],2.25
sid3114-clean-COSINE-3826-M_close_132_freqbin31_scaled10.0.wav,[0],[0],[0],[0],2.8
sid3629-clean-COSINE-4174-F_close_72_freqbin1_scaled0.5.wav,"[0, 1, -1, 1]","[1, 0, 1, 1]","[0, 0, -1, 1]","[0, 0, -1, 1]",4.0
sid0101-clean-COSINE-0100-M_close_202-truncated_freqbin20_scaled0.5.wav,"[-1, -1]","[-1, 1]","[-1, -1]","[0, -1]",2.2
sid0101-clean-COSINE-0100-M_close_202-truncated_freqbin17_scaled10.0.wav,[-1],[0],[-1],[0],1.4
sid4715-noisy-COSINE-6463-F_array1_69_freqbin15_scaled0.5.wav,[-1],[-1],[-1],[-1],2.0
sid3114-clean-COSINE-3826-M_close_132_freqbin6_scaled0.5.wav,"[1, 1, 0, 1, 0, 0, 0, 0]","[1, 1, 0, 1, 1, 1, 0, 1]","[0, 1, 0, 1, 0, -1, -1, 0]","[0, 1, 0, 1, 0, 1, 0, 0]",4.125
sid4715-noisy-COSINE-6463-F_array1_69_freqbin20_scaled0.5.wav,"[-1, -1, -1, -1, -1, -1, -1, -1]","[1, -1, 0, 1, 0, -1, 0, 0]","[-1, -1, -1, 0, -1, -1, -1, 0]","[0, -1, -1, -1, -1, -1, -1, -1]",2.625
sid0101-clean-COSINE-0100-M_close_202-truncated_freqbin14_scaled10.0.wav,"[-1, -1, -1, 0]","[1, -1, -1, 0]","[-1, -1, -1, -1]","[0, -1, -1, -1]",1.875
sid1816-anchor-COSINE-2734-M_close_91_freqbin14_scaled0.5.wav,"[0, -1, -1, -1, 0, -1, 0]","[1, -1, 0, 0, 0, 0, 0]","[-1, -1, -1, -1, -1, 0, 0]","[0, -1, 0, -1, 0, 0, 0]",2.875
sid2579-noisy-COSINE-3231-F_array1_81_freqbin20_scaled0.5.wav,"[0, 0, -1, 0]","[0, 0, 1, 0]","[-1, 0, -1, -1]","[0, 0, -1, 0]",3.0
sid3114-clean-COSINE-3826-M_close_132_freqbin17_scaled0.5.wav,"[0, 0, 0, 0, 0]","[0, 0, 1, 0, 0]","[-1, 0, 0, -1, -1]","[0, 0, 0, 0, 0]",3.8
sid4715-noisy-COSINE-6463-F_array1_69_freqbin26_scaled0.5.wav,"[0, -1, -1, -1, -1, -1, 1, 0, -1, -1, -1]","[0, -1, -1, -1, -1, 0, 1, 0, -1, -1, 1]","[-1, -1, -1, -1, -1, 0, -1, -1, 0, -1, -1]","[0, -1, -1, 0, -1, -1, -1, 0, -1, -1, -1]",2.272727272727273
sid5333-noisy-COSINE-7408-M_array1_149_freqbin14_scaled0.5.wav,"[-1, -1, -1, -1, -1, -1, -1, -1, -1, -1]","[0, -1, -1, -1, -1, 1, -1, 0, -1, 0]","[-1, -1, -1, -1, -1, -1, -1, -1, -1, -1]","[0, -1, -1, 0, -1, -1, 1, -1, -1, -1]",2.0
sid3629-clean-COSINE-4174-F_close_72_freqbin12_scaled0.5.wav,"[0, 0, 0, 1, 0, 0, 1, 0, 0, 0]","[0, 0, 0, -1, 0, 1, 1, 0, 1, 0]","[0, -1, 0, 0, 0, -1, 1, 0, 0, 0]","[0, 0, 0, 0, 0, 0, -1, 0, 0, 0]",3.727272727272727
sid4715-noisy-COSINE-6463-F_array1_69_freqbin26_scaled10.0.wav,"[0, -1, 0, 0, -1, -1, -1]","[0, -1, 0, 0, -1, 0, 1]","[-1, 0, -1, 0, -1, -1, -1]","[-1, -1, 0, 0, -1, -1, -1]",2.1818181818181817
sid5333-noisy-COSINE-7408-M_array1_149_freqbin14_scaled10.0.wav,"[0, 0]","[-1, -1]","[-1, -1]","[-1, 0]",1.2727272727272727
sid0101-clean-COSINE-0100-M_close_202-truncated_freqbin20_scaled10.0.wav,"[-1, -1]","[-1, 0]","[-1, -1]","[0, -1]",1.8
sid2579-noisy-COSINE-3231-F_array1_81_freqbin6_scaled0.5.wav,"[0, -1, -1, -1]","[-1, 0, 1, -1]","[-1, -1, -1, -1]","[0, -1, -1, -1]",2.4
sid4715-noisy-COSINE-6463-F_array1_69_freqbin15_scaled10.0.wav,[-1],[-1],[-1],[-1],1.0
sid0101-clean-COSINE-0100-M_close_202-truncated_freqbin17_scaled0.5.wav,"[-1, -1, -1, -1]","[-1, -1, 1, -1]","[-1, -1, -1, -1]","[-1, 0, -1, -1]",2.6
sid0999-noisy-COSINE-1399-F_array1_68-truncated_freqbin26_scaled0.5.wav,"[0, 0, 0, 0, -1, -1]","[0, 0, 0, 0, -1, 0]","[0, 0, 0, -1, -1, 0]","[0, 0, 0, 0, -1, 0]",3.5714285714285716
sid3629-clean-COSINE-4174-F_close_72_freqbin20_scaled10.0.wav,"[1, 0, 0, 0]","[1, 0, -1, 0]","[1, 0, 0, -1]","[0, 0, 0, -1]",3.5714285714285716
sid4715-noisy-COSINE-6463-F_array1_69_freqbin17_scaled0.5.wav,"[-1, -1, 0, -1, -1, -1, -1]","[1, -1, -1, 0, 0, -1, -1]","[-1, -1, -1, -1, -1, -1, -1]","[0, -1, -1, -1, -1, -1, -1]",2.2857142857142856
sid3114-clean-COSINE-3826-M_close_132_freqbin20_scaled0.5.wav,"[-1, 1, -1, 0, 1]","[0, 1, -1, 0, 1]","[0, -1, -1, 0, 0]","[-1, -1, -1, 0, 0]",3.4
sid1816-anchor-COSINE-2734-M_close_91_freqbin15_scaled10.0.wav,[1],[1],[0],[0],2.6
sid1816-anchor-COSINE-2734-M_close_91_freqbin15_scaled0.5.wav,"[-1, -1, 0, -1, 0]","[0, 1, 0, -1, 0]","[0, -1, 0, -1, 0]","[-1, -1, 0, -1, 0]",2.8
sid3114-clean-COSINE-3826-M_close_132_freqbin20_scaled10.0.wav,"[1, 0]","[0, 0]","[0, 0]","[1, 0]",2.8
sid2579-noisy-COSINE-3231-F_array1_81_freqbin17_scaled0.5.wav,"[-1, -1, 0, -1]","[0, 1, 0, -1]","[0, -1, 0, -1]","[-1, -1, 0, -1]",2.6
sid5333-noisy-COSINE-7408-M_array1_149_freqbin26_scaled10.0.wav,[-1],[1],[-1],[-1],1.8
sid0999-noisy-COSINE-1399-F_array1_68-truncated_freqbin17_scaled0.5.wav,"[1, -1, 1, -1, -1]","[0, -1, 1, -1, 0]","[0, -1, -1, -1, -1]","[1, -1, -1, -1, 0]",2.8
sid3114-clean-COSINE-3826-M_close_132_freqbin14_scaled0.5.wav,"[0, 1, 0, 1, 0]","[0, 1, 0, 1, 1]","[0, 1, 0, 1, 0]","[0, 1, 0, 1, 0]",3.4
sid0999-noisy-COSINE-1399-F_array1_68-truncated_freqbin20_scaled0.5.wav,"[0, 1, 0, -1, 1]","[0, 1, 0, -1, 0]","[0, 1, -1, -1, 1]","[0, 1, 0, -1, 0]",3.0
sid2579-noisy-COSINE-3231-F_array1_81_freqbin17_scaled10.0.wav,[-1],[-1],[-1],[-1],2.2
sid3629-clean-COSINE-4174-F_close_72_freqbin26_scaled0.5.wav,"[0, 1, 0, 1, 0, 0, -1, 1]","[-1, 1, 0, 1, 0, 0, 1, 1]","[0, 0, 0, 1, 0, 0, -1, 0]","[0, 0, 0, 1, 0, 0, 0, 0]",3.875
sid3114-clean-COSINE-3826-M_close_132_freqbin12_scaled0.5.wav,"[0, 0, 1, 0, 0]","[0, 0, 1, 0, 1]","[1, -1, 1, 0, -1]","[0, 0, 1, 0, 0]",3.6
sid3114-clean-COSINE-3826-M_close_132_freqbin26_scaled10.0.wav,"[0, -1]","[1, 1]","[0, -1]","[0, 0]",3.0
sid0999-noisy-COSINE-1399-F_array1_68-truncated_freqbin15_scaled0.5.wav,"[0, -1, 1, -1, -1]","[-1, 0, 1, 0, 1]","[0, -1, 1, 0, -1]","[-1, -1, 0, -1, -1]",2.8
sid3114-clean-COSINE-3826-M_close_132_freqbin12_scaled1000.0.wav,[0],[0],[-1],[0],1.0
sid3629-clean-COSINE-4174-F_close_72_freqbin26_scaled1000.0.wav,[1],[1],[0],[0],1.25
sid3629-clean-COSINE-4174-F_close_72_freqbin26_scaled10.0.wav,"[1, 1, 0]","[1, -1, 0]","[0, -1, 0]","[0, -1, 0]",3.0
sid0101-clean-COSINE-0100-M_close_202-truncated_freqbin26_scaled10.0.wav,"[0, 1, -1]","[0, 1, -1]","[1, -1, -1]","[1, 1, -1]",2.375
sid1768-clean-COSINE-2734-M_close_35_freqbin4_scaled10.wav,"[0, 0, 0, -1, 0, 1, 0, -1, -1, 0, -1]","[0, 1, 0, -1, 0, 1, 1, 1, 1, 1, 1]","[0, -1, -1, -1, 0, -1, -1, -1, 1, -1, 0]","[0, 0, 0, -1, 0, -1, 0, 0, -1, 0, 0]",1.295
sid0101-clean-COSINE-0100-M_close_202-truncated_freqbin15_scaled1000.0.wav,[0],[0],[0],[0],1.0
sid1816-anchor-COSINE-2734-M_close_91_freqbin20_scaled10.0.wav,"[1, -1]","[1, 0]","[1, -1]","[1, 0]",2.625
sid3114-clean-COSINE-3826-M_close_132_freqbin6_scaled1000.0.wav,[-1],[-1],[-1],[-1],1.0
sid3114-clean-COSINE-3826-M_close_132_freqbin15_scaled10.0.wav,"[1, 0]","[-1, 0]","[1, 0]","[1, 0]",2.625
sid5333-noisy-COSINE-7408-M_array1_149_freqbin6_scaled10.0.wav,"[-1, 1, -1]","[-1, 1, -1]","[-1, -1, -1]","[-1, 1, -1]",1.2
sid4715-noisy-COSINE-6463-F_array1_69_freqbin17_scaled10.0.wav,[-1],[-1],[-1],[-1],1.4285714285714286
sid4715-noisy-COSINE-6463-F_array1_69_freqbin12_scaled10.0.wav,"[-1, -1]","[1, 0]","[-1, -1]","[1, 0]",1.6
sid3629-clean-COSINE-4174-F_close_72_freqbin14_scaled0.5.wav,"[1, 0, 0, -1]","[1, 0, 0, 0]","[0, 0, -1, 0]","[1, 0, 0, -1]",3.4
sid0999-noisy-COSINE-1399-F_array1_68-truncated_freqbin6_scaled10.0.wav,[0],[0],[0],[0],2.625
sid3114-clean-COSINE-3826-M_close_132_freqbin14_scaled10.0.wav,[0],[0],[0],[0],2.8
sid0999-noisy-COSINE-1399-F_array1_68-truncated_freqbin6_scaled0.5.wav,[0],[1],[0],[1],3.25
sid2579-noisy-COSINE-3231-F_array1_81_freqbin12_scaled0.5.wav,"[-1, -1, -1, 1, -1]","[-1, 0, 0, 1, 1]","[0, -1, -1, 1, 0]","[0, -1, -1, 1, -1]",3.0
sid5333-noisy-COSINE-7408-M_array1_149_freqbin20_scaled0.5.wav,"[-1, 0, -1, -1]","[-1, 0, 0, 1]","[0, -1, -1, -1]","[-1, 0, 0, 0]",1.6
sid0999-noisy-COSINE-1399-F_array1_68-truncated_freqbin14_scaled0.5.wav,[1],[1],[1],[-1],3.6363636363636362
sid3629-clean-COSINE-4174-F_close_72_freqbin6_scaled0.5.wav,"[-1, 0]","[1, 1]","[1, 0]","[0, 0]",4.625
sid0101-clean-COSINE-0100-M_close_202-truncated_freqbin12_scaled10.0.wav,[-1],[-1],[-1],[-1],1.6
sid4715-noisy-COSINE-6463-F_array1_69_freqbin12_scaled0.5.wav,[-1],[-1],[-1],[-1],2.8
sid5333-noisy-COSINE-7408-M_array1_149_freqbin17_scaled0.5.wav,[-1],[1],[-1],[-1],1.4
sid5333-noisy-COSINE-7408-M_array1_149_freqbin15_scaled0.5.wav,[-1],[1],[-1],[-1],1.6
sid0101-clean-COSINE-0100-M_close_202-truncated_freqbin15_scaled0.5.wav,[-1],[-1],[-1],[0],2.375
sid0101-clean-COSINE-0100-M_close_202-truncated_freqbin14_scaled0.5.wav,[-1],[0],[0],[0],2.625
sid0101-clean-COSINE-0100-M_close_202-truncated_freqbin6_scaled0.5.wav,[-1],[0],[0],[0],2.857142857142857
sid5333-noisy-COSINE-7408-M_array1_149_freqbin21_scaled10.0.wav,[-1],[0],[-1],[-1],1.6
sid1816-anchor-COSINE-2734-M_close_91_freqbin21_scaled0.5.wav,[0],[1],[1],[0],3.4
sid3629-clean-COSINE-4174-F_close_72_freqbin21_scaled0.5.wav,"[0, 0, 0, 0, 1]","[0, 0, 1, 0, 1]","[0, 0, -1, 0, 1]","[0, -1, 0, 0, 1]",3.8
sid0101-clean-COSINE-0100-M_close_202-truncated_freqbin21_scaled10.0.wav,"[0, -1, -1]","[0, -1, 1]","[-1, -1, -1]","[0, -1, -1]",2.6
sid0101-clean-COSINE-0100-M_close_202-truncated_freqbin21_scaled0.5.wav,"[0, -1, -1, 1]","[0, -1, 1, -1]","[0, -1, -1, -1]","[0, -1, -1, -1]",3.2
sid2579-noisy-COSINE-3231-F_array1_81_freqbin21_scaled0.5.wav,"[0, 0, 1]","[0, 1, 1]","[0, -1, -1]","[0, 0, -1]",2.8
sid5333-noisy-COSINE-7408-M_array1_149_freqbin21_scaled0.5.wav,"[-1, -1, -1, -1]","[0, 1, 0, -1]","[-1, -1, -1, -1]","[-1, -1, -1, -1]",1.8
sid3629-clean-COSINE-4174-F_close_72_freqbin21_scaled10.0.wav,"[0, 0, 1]","[0, 1, 1]","[0, 0, 0]","[-1, 0, 0]",3.6
sid0999-noisy-COSINE-1399-F_array1_68-truncated_freqbin21_scaled0.5.wav,[0],[0],[0],[0],3.6
sid0999-noisy-COSINE-1399-F_array1_68-truncated_freqbin21_scaled1000.0.wav,[1],[1],[1],[1],1.0
sid3114-clean-COSINE-3826-M_close_132_freqbin21_scaled0.5.wav,"[1, 1]","[1, -1]","[1, 1]","[1, -1]",4.4
sid3114-clean-COSINE-3826-M_close_132_freqbin21_scaled10.0.wav,[1],[1],[1],[1],2.6
sid3114-clean-COSINE-3826-M_close_132_freqbin0_scaled0.5.wav,[0],[1],[0],[0],3.8
sid4715-noisy-COSINE-6463-F_array1_69_freqbin6_scaled10.0.wav,[1],[0],[1],[0],2.0
sid3629-clean-COSINE-4174-F_close_72_freqbin1_scaled10.0.wav,"[1, 1]","[0, 1]","[0, 1]","[1, 1]",4.0
sid4715-noisy-COSINE-6463-F_array1_69_freqbin3_scaled10.0.wav,[0],[1],[-1],[0],1.8
sid0999-noisy-COSINE-1399-F_array1_68-truncated_freqbin4_scaled10.0.wav,[-1],[1],[-1],[-1],1.8
sid4715-noisy-COSINE-6463-F_array1_69_freqbin0_scaled10.0.wav,[-1],[1],[-1],[0],1.6
